frame_id,track_id,x1,y1,x2,y2,class
7,4,1547,713,1644,832,2
7,5,608,751,674,874,2
7,6,1233,461,1281,553,2
7,7,891,575,954,669,2
7,8,804,560,870,663,2
7,9,1649,446,1712,524,2
7,10,1475,423,1530,507,2
7,11,834,615,896,723,2
7,12,1743,590,1794,695,2
7,14,1574,554,1645,658,2
7,15,1398,386,1432,454,2
8,4,1536,717,1616,838,2
8,5,612,751,676,876,2
8,6,1244,463,1294,557,2
8,7,896,577,952,666,2
8,8,808,564,875,666,2
8,9,1655,449,1707,530,2
8,10,1481,427,1532,512,2
8,11,837,615,893,725,2
8,12,1749,591,1807,696,2
8,14,1572,567,1649,660,2
8,15,1406,390,1440,458,3
9,4,1539,720,1638,844,2
9,5,613,752,670,879,2
9,6,1251,464,1305,559,2
9,7,897,577,955,664,2
9,8,816,569,878,669,2
9,9,1660,452,1702,534,2
9,10,1492,431,1535,515,2
9,11,842,613,898,727,2
9,12,1757,592,1820,699,2
9,14,1574,566,1644,663,2
9,15,1414,394,1446,461,2
9,16,1559,496,1604,588,3
10,4,1535,722,1631,847,2
10,5,620,751,669,881,2
10,6,1256,465,1315,559,2
10,7,914,577,964,669,2
10,8,826,571,880,665,2
10,9,1662,452,1709,536,2
10,10,1497,432,1538,517,2
10,11,849,613,906,728,2
10,12,1762,593,1829,703,2
10,14,1583,568,1651,669,2
10,15,1423,392,1455,461,2
10,16,1561,498,1599,589,3
10,21,27,507,66,612,1
11,4,1534,719,1626,846,2
11,5,626,749,673,878,2
11,6,1259,466,1326,559,2
11,7,926,574,972,671,2
11,8,832,570,880,662,2
11,9,1658,452,1716,532,2
11,10,1499,433,1546,519,2
11,11,853,610,914,721,2
11,12,1776,595,1835,704,2
11,14,1589,566,1650,670,2
11,15,1431,392,1463,461,1
11,16,1561,496,1595,576,2
11,21,43,507,82,612,3
12,4,1535,717,1633,843,2
12,5,632,745,684,877,2
12,6,1266,468,1335,560,2
12,7,936,571,981,671,2
12,8,827,568,880,661,2
12,9,1652,452,1718,532,2
12,10,1503,430,1551,518,2
12,11,855,608,923,717,2
12,12,1785,596,1836,704,2
12,14,1592,566,1644,670,2
12,15,1436,384,1470,462,2
12,16,1559,495,1606,584,3
12,21,57,507,95,613,1
13,4,1536,715,1640,841,2
13,5,636,742,691,865,2
13,6,1268,470,1338,563,2
13,7,940,569,984,661,2
13,8,828,568,890,661,2
13,9,1650,453,1716,534,2
13,10,1502,430,1553,517,2
13,11,856,606,927,716,2
13,12,1793,597,1843,705,2
13,14,1597,563,1652,672,2
13,15,1444,393,1472,462,3
13,16,1555,494,1617,586,2
13,21,72,508,110,614,3
14,4,1536,714,1641,835,2
14,5,637,740,693,862,2
14,6,1268,471,1339,564,2
14,7,946,566,988,659,2
14,8,829,568,893,664,2
14,9,1654,453,1706,536,2
14,10,1503,432,1553,517,2
14,11,856,604,919,719,2
14,12,1804,595,1853,705,2
14,14,1599,555,1662,673,2
14,15,1451,394,1478,460,2
14,16,1548,493,1620,585,2
14,21,86,508,123,613,3
15,4,1533,714,1639,836,2
15,5,636,738,691,865,2
15,6,1269,472,1338,564,2
15,7,956,564,997,659,2
15,8,835,568,895,664,2
15,9,1660,454,1702,536,2
15,10,1509,433,1555,521,2
15,11,860,609,916,719,2
15,12,1811,594,1860,704,2
15,14,1600,559,1669,665,2
15,15,1460,394,1489,460,1
15,16,1554,493,1624,584,3
15,21,101,509,138,613,2
15,23,1812,594,1860,704,3
16,4,1532,715,1630,836,2
16,5,640,736,691,863,2
16,6,1276,473,1338,564,2
16,7,962,563,1007,660,2
16,8,837,568,897,665,2
16,9,1660,452,1710,536,2
16,10,1519,436,1559,523,2
16,11,866,614,913,718,2
16,12,1814,592,1867,701,2
16,14,1599,560,1674,662,2
16,15,1464,394,1492,462,3
16,16,1556,493,1620,589,2
16,21,116,509,155,612,1
16,23,1814,593,1868,701,3
17,4,1532,715,1620,839,2
17,5,645,733,697,861,2
17,6,1282,471,1334,545,2
17,7,971,560,1020,658,2
17,8,846,565,897,638,2
17,9,1657,451,1714,532,2
17,10,1518,436,1560,525,2
17,11,871,614,918,719,2
17,12,1820,592,1877,699,2
17,14,1599,560,1664,663,2
17,15,1472,393,1498,462,2
17,16,1559,493,1608,588,1
17,21,131,509,169,612,3
17,23,1821,592,1877,699,2
18,4,1534,712,1613,840,2
18,5,650,729,706,860,2
18,6,1290,471,1359,562,2
18,7,975,559,1027,654,2
18,8,850,563,903,640,2
18,9,1649,452,1713,530,2
18,10,1515,436,1565,523,2
18,11,873,610,925,718,2
18,14,1605,561,1661,666,2
18,15,1480,393,1508,462,2
18,16,1564,491,1609,588,2
18,21,147,509,185,612,1
18,23,1830,593,1885,698,3
19,4,1541,709,1622,840,2
19,5,654,727,713,850,2
19,6,1296,470,1369,562,2
19,7,981,557,1030,649,2
19,8,855,561,908,644,2
19,9,1648,451,1710,533,2
19,10,1515,437,1572,523,2
19,11,874,609,935,711,2
19,12,1841,593,1891,700,2
19,14,1609,563,1656,667,3
19,15,1482,393,1510,459,1
19,16,1563,487,1611,579,2
19,21,162,509,201,611,3
19,23,1842,593,1890,699,2
20,4,1544,707,1632,834,2
20,5,655,722,719,843,2
20,6,1300,470,1378,561,2
20,7,986,556,1038,652,2
20,8,857,559,912,647,2
20,9,1654,451,1701,534,2
20,10,1514,437,1572,524,2
20,11,868,609,941,711,2
20,12,1847,594,1891,701,2
20,14,1616,562,1660,660,3
20,15,1489,391,1516,461,2
20,16,1559,487,1617,577,2
20,23,1847,593,1893,702,3
21,4,1544,705,1638,827,2
21,5,653,720,720,843,2
21,6,1303,472,1382,564,2
21,7,986,555,1037,650,2
21,8,857,558,916,652,2
21,9,1659,452,1697,534,2
21,10,1530,440,1578,524,2
21,11,867,613,943,710,2
21,12,1856,592,1899,700,2
21,14,1618,559,1670,669,2
21,15,1495,394,1521,460,2
21,16,1551,489,1615,580,3
21,21,192,509,229,611,1
21,23,1855,592,1900,700,3
22,4,1532,704,1608,822,2
22,5,652,718,717,844,2
22,6,1307,474,1379,564,2
22,7,987,554,1047,648,2
22,8,863,558,923,655,2
22,9,1654,451,1705,535,2
22,10,1541,443,1581,524,2
22,11,869,611,944,711,2
22,12,1861,590,1906,698,2
22,14,1619,558,1679,670,2
22,15,1500,395,1525,460,2
22,16,1546,492,1614,583,3
22,21,205,509,242,611,1
23,4,1536,704,1624,823,2
23,5,656,716,717,842,2
23,6,1312,475,1379,564,2
23,7,985,552,1055,646,2
23,8,878,557,927,643,2
23,9,1647,451,1707,530,2
23,10,1546,445,1581,518,2
23,11,871,611,938,711,2
23,12,1866,588,1914,692,2
23,14,1617,558,1688,664,2
23,15,1506,393,1533,461,2
23,16,1548,493,1620,586,3
23,21,216,509,255,611,1
24,4,1532,706,1623,829,2
24,5,662,712,720,839,2
24,6,1311,475,1367,560,2
24,7,985,550,1061,642,2
24,8,884,555,932,641,2
24,9,1639,450,1707,529,2
24,10,1545,444,1586,525,2
24,11,873,612,929,711,2
24,12,1867,587,1918,691,2
24,14,1610,557,1693,660,2
24,15,1510,393,1537,461,2
24,16,1553,494,1615,587,3
24,21,227,509,266,612,1
25,4,1521,706,1595,829,2
25,5,671,709,726,836,2
25,6,1318,475,1371,563,2
25,7,986,548,1061,637,2
25,8,891,552,938,640,2
25,9,1637,450,1701,531,2
25,10,1544,443,1587,526,2
25,11,877,604,926,710,2
25,12,1871,587,1921,693,2
25,14,1608,557,1689,659,2
25,15,1512,394,1538,461,2
25,16,1556,493,1604,567,3
25,21,238,509,276,612,2
25,23,1873,588,1919,695,3
26,4,1525,705,1599,828,2
26,5,676,706,731,825,2
26,6,1325,475,1379,564,2
26,7,987,546,1055,638,2
26,8,900,549,944,633,2
26,9,1640,450,1690,533,2
26,10,1540,443,1585,521,2
26,11,880,594,930,708,2
26,12,1876,587,1924,694,2
26,14,1610,558,1687,662,2
26,15,1513,391,1541,464,2
26,16,1552,492,1600,587,3
26,21,248,509,287,612,2
26,23,1880,588,1921,694,0
27,4,1523,702,1592,828,2
27,5,675,704,730,822,2
27,6,1326,473,1386,564,2
27,7,991,545,1058,638,2
27,8,904,546,951,634,2
27,9,1638,451,1679,534,2
27,10,1541,444,1583,518,2
27,11,881,594,934,705,2
27,12,1881,587,1923,694,2
27,14,1608,559,1678,662,2
27,15,1514,392,1541,464,3
27,16,1549,491,1599,586,2
27,21,259,510,298,613,2
27,23,1882,588,1922,693,3
28,4,1521,700,1595,828,2
28,5,675,703,728,824,2
28,6,1325,473,1390,559,2
28,7,995,542,1058,637,2
28,8,909,544,958,635,2
28,9,1631,451,1681,534,2
28,10,1546,446,1582,509,2
28,11,880,591,937,700,2
28,12,1887,586,1923,693,2
28,14,1601,560,1662,663,2
28,15,1517,392,1543,460,2
28,16,1540,492,1599,581,3
28,23,1887,587,1923,694,3
29,4,1522,698,1596,819,2
29,5,676,701,726,823,2
29,6,1322,473,1395,559,2
29,7,998,539,1062,634,2
29,8,912,542,964,633,2
29,9,1623,450,1680,527,2
29,10,1541,447,1580,511,2
29,11,870,591,937,698,2
29,12,1891,585,1923,686,2
29,14,1606,558,1659,664,2
29,16,1537,492,1602,581,2
29,21,281,509,320,613,1
29,23,1891,585,1923,686,2
30,4,1510,698,1592,818,2
30,5,678,697,726,822,2
30,6,1321,473,1398,560,2
30,7,999,537,1062,628,2
30,8,914,542,968,631,2
30,9,1612,449,1679,526,2
30,10,1538,447,1580,512,2
30,11,874,591,940,700,2
30,12,1895,584,1923,685,2
30,14,1605,556,1663,665,2
30,16,1532,490,1598,582,1
30,21,291,509,329,612,3
31,4,1501,698,1585,818,2
31,5,679,692,728,816,2
31,6,1320,475,1397,563,2
31,7,998,535,1064,629,2
31,8,913,541,973,635,2
31,9,1607,450,1666,530,2
31,10,1540,446,1580,511,2
31,11,874,595,935,701,2
31,12,1898,583,1922,684,2
31,14,1602,555,1667,662,2
31,15,1524,392,1548,459,1
31,16,1531,491,1591,585,2
31,21,302,510,339,610,3
32,4,1503,698,1575,818,2
32,5,680,689,732,807,2
32,6,1319,477,1393,564,2
32,7,997,533,1061,630,2
32,8,916,540,976,635,2
32,9,1609,451,1653,531,2
32,10,1531,446,1578,529,2
32,11,877,596,929,700,1
32,12,1900,586,1921,685,2
32,14,1598,554,1669,657,2
32,15,1523,388,1550,459,2
32,16,1532,490,1584,585,3
32,21,313,509,349,609,2
33,4,1495,698,1559,820,2
33,5,682,686,736,801,2
33,6,1317,478,1388,564,2
33,7,997,532,1058,632,2
33,8,918,538,976,635,2
33,9,1608,451,1645,531,2
33,10,1538,447,1576,514,2
33,11,877,595,925,700,2
33,12,1902,588,1922,685,1
33,14,1589,554,1665,656,2
33,15,1526,390,1553,458,3
33,16,1531,489,1579,583,2
33,21,323,509,359,608,0
34,4,1495,696,1550,820,2
34,5,682,685,734,802,2
34,6,1313,479,1381,563,2
34,7,996,530,1054,632,2
34,8,923,538,977,633,2
34,9,1602,452,1646,531,2
34,10,1539,449,1577,523,2
34,11,878,592,925,700,2
34,14,1586,557,1650,660,1
34,15,1522,394,1551,460,2
34,16,1530,501,1573,585,2
34,21,334,509,371,609,3
35,4,1493,694,1554,820,2
35,5,683,684,734,804,2
35,6,1312,479,1375,565,2
35,7,999,528,1058,623,2
35,8,925,537,980,629,2
35,9,1593,451,1647,527,2
35,10,1542,451,1573,512,2
35,11,882,590,928,698,2
35,14,1589,558,1646,661,2
35,15,1522,395,1552,462,3
35,16,1521,488,1573,582,2
36,4,1488,691,1559,816,2
36,5,685,683,735,805,2
36,6,1315,479,1381,566,2
36,7,999,527,1062,619,2
36,8,929,539,986,629,2
36,9,1582,451,1644,526,2
36,10,1542,450,1574,513,2
36,11,882,588,933,697,2
36,14,1593,560,1635,639,2
36,15,1526,396,1556,462,3
36,16,1515,491,1571,580,2
37,4,1476,690,1564,809,2
37,5,689,682,735,791,2
37,6,1319,479,1387,566,2
37,7,1003,527,1065,617,2
37,8,937,542,992,629,2
37,10,1537,449,1575,525,2
37,11,880,588,939,694,2
37,14,1591,561,1637,663,2
37,15,1532,396,1559,461,3
37,16,1512,491,1569,581,2
37,21,367,511,404,614,2
38,4,1466,690,1564,807,2
38,5,690,679,740,800,2
38,6,1322,480,1392,564,2
38,7,1005,527,1068,620,2
38,8,945,543,998,631,2
38,10,1535,452,1576,533,2
38,11,878,588,944,693,2
38,14,1589,559,1643,666,2
38,15,1534,398,1562,463,3
38,16,1514,492,1566,583,2
38,21,379,514,415,613,2
39,4,1459,690,1544,809,2
39,5,697,677,747,792,2
39,6,1326,481,1396,564,2
39,7,1011,528,1073,621,2
39,8,956,543,1006,631,2
39,10,1536,457,1575,535,2
39,11,880,590,946,693,2
39,14,1587,559,1649,666,2
39,15,1540,397,1568,466,3
39,16,1517,492,1567,584,2
39,21,390,516,426,614,2
40,4,1461,693,1534,811,2
40,5,697,676,751,788,2
40,6,1332,482,1398,567,2
40,7,1019,527,1078,621,2
40,8,967,543,1013,630,2
40,10,1539,457,1576,535,2
40,11,882,591,948,695,2
40,14,1580,559,1653,661,1
40,15,1543,397,1571,467,2
40,16,1515,493,1562,584,2
40,21,400,518,439,615,3
40,37,1577,453,1616,533,2
41,4,1461,693,1539,812,2
41,5,699,675,752,787,2
41,6,1334,484,1394,567,2
41,7,1023,526,1081,620,2
41,8,977,542,1022,629,2
41,10,1541,458,1576,535,2
41,11,884,591,947,695,2
41,14,1578,559,1656,659,2
41,15,1544,398,1574,469,2
41,16,1511,492,1567,584,1
41,21,411,520,449,615,3
41,37,1574,451,1617,532,0
42,4,1456,693,1529,813,2
42,5,703,676,755,789,2
42,6,1340,486,1395,567,2
42,7,1027,526,1085,618,2
42,8,987,542,1031,630,1
42,10,1540,464,1580,548,2
42,11,887,591,943,695,2
42,14,1577,561,1647,660,2
42,15,1550,400,1580,470,2
42,16,1508,491,1570,583,2
42,21,420,522,461,615,3
43,4,1460,690,1522,813,2
43,5,710,674,759,788,2
43,6,1345,487,1401,568,2
43,7,1030,525,1088,611,2
43,8,998,542,1040,629,2
43,9,1543,475,1595,549,2
43,10,1537,464,1580,550,2
43,11,893,590,941,695,2
43,14,1579,562,1645,664,1
43,15,1556,399,1586,465,2
43,16,1506,492,1572,576,3
43,21,431,523,471,614,2
44,4,1465,689,1527,814,2
44,5,715,670,764,787,2
44,6,1346,486,1408,570,2
44,7,1041,526,1091,593,2
44,8,1008,541,1050,628,1
44,9,1551,474,1603,550,2
44,10,1537,465,1579,545,2
44,11,898,589,945,696,2
44,14,1575,564,1634,666,2
44,15,1562,399,1591,463,2
44,16,1508,493,1573,577,2
44,21,441,524,484,615,2
44,37,1560,447,1599,525,3
45,4,1466,688,1528,809,2
45,5,719,667,768,784,2
45,6,1348,485,1415,569,2
45,7,1042,526,1090,592,2
45,8,1017,539,1060,628,2
45,9,1541,468,1595,543,2
45,11,903,588,952,697,2
45,14,1575,564,1629,666,2
45,15,1566,400,1597,467,1
45,16,1512,491,1569,583,2
45,21,452,525,495,616,3
45,37,1555,458,1596,538,2
46,4,1455,688,1528,808,2
46,5,724,665,769,776,2
46,6,1346,486,1419,569,2
46,7,1042,525,1092,601,2
46,8,1028,537,1074,628,2
46,10,1543,466,1582,537,1
46,11,905,589,956,696,2
46,14,1578,562,1636,668,2
46,15,1570,399,1602,466,2
46,16,1508,491,1562,585,2
46,21,463,527,506,618,2
46,37,1550,457,1593,538,3
47,4,1449,689,1529,807,2
47,5,727,664,773,776,2
47,6,1346,488,1423,573,2
47,8,1035,534,1086,629,2
47,11,908,591,958,693,2
47,14,1580,562,1641,670,2
47,15,1574,398,1606,465,2
47,16,1509,494,1561,586,2
47,21,474,529,516,619,1
47,37,1545,458,1597,544,3
48,4,1447,691,1524,811,2
48,5,729,664,774,777,2
48,6,1350,496,1420,575,2
48,8,1043,539,1095,630,2
48,11,910,594,960,693,2
48,14,1578,561,1643,665,2
48,16,1512,494,1566,586,2
48,37,1544,458,1599,550,2
49,4,1446,694,1515,812,2
49,5,734,665,779,779,2
49,6,1351,500,1415,576,2
49,7,1037,538,1085,615,2
49,8,1051,541,1105,632,2
49,10,1544,462,1591,536,2
49,11,913,597,960,693,2
49,14,1571,561,1645,665,2
49,16,1513,494,1568,584,2
50,4,1446,695,1506,813,2
50,5,738,664,779,778,2
50,6,1341,496,1404,572,2
50,7,1047,537,1104,623,2
50,8,1059,545,1115,634,2
50,10,1540,463,1580,533,2
50,11,913,599,962,696,2
50,14,1571,565,1644,667,2
50,16,1512,496,1568,581,2
50,21,506,533,547,621,2
50,40,1340,493,1398,549,2
51,4,1447,693,1501,815,2
51,5,744,663,786,778,2
51,7,1050,540,1096,615,2
51,8,1069,547,1124,635,2
51,10,1542,465,1580,532,2
51,11,916,600,964,697,2
51,14,1571,569,1635,670,2
51,16,1515,499,1569,581,2
51,40,1344,496,1391,548,2
52,4,1448,692,1505,817,2
52,5,749,663,792,770,2
52,6,1362,509,1414,580,2
52,7,1058,539,1103,615,2
52,8,1079,548,1135,635,2
52,11,916,599,970,697,2
52,14,1577,573,1628,672,2
52,15,1600,407,1633,476,2
52,16,1515,501,1558,581,3
52,21,525,534,568,625,2
52,37,1537,469,1577,554,2
52,40,1347,499,1390,546,2
53,4,1446,692,1509,815,2
53,5,752,663,795,766,2
53,6,1363,510,1419,582,2
53,7,1062,540,1108,620,2
53,8,1088,549,1144,636,2
53,11,914,598,978,698,2
53,14,1577,574,1621,674,2
53,15,1603,409,1634,478,3
53,16,1515,502,1553,584,2
53,37,1537,468,1577,555,2
53,40,1352,500,1397,549,2
54,4,1436,692,1515,812,2
54,5,753,662,798,769,2
54,6,1359,503,1423,583,2
54,7,1070,542,1110,615,2
54,8,1095,548,1149,636,2
54,11,909,598,985,699,2
54,14,1575,568,1622,675,2
54,15,1603,409,1637,478,2
54,16,1513,502,1551,585,3
54,37,1536,467,1578,552,2
55,4,1427,693,1518,808,2
55,5,754,662,803,768,2
55,6,1363,506,1422,584,2
55,7,1072,546,1112,615,2
55,8,1102,547,1154,637,2
55,9,1533,493,1581,573,2
55,11,905,598,988,699,2
55,14,1572,566,1627,677,2
55,15,1605,411,1642,478,3
55,16,1511,502,1553,588,1
55,21,555,535,597,625,2
56,4,1425,694,1516,809,2
56,5,753,661,810,768,2
56,6,1364,505,1415,584,2
56,7,1072,546,1118,616,2
56,8,1107,547,1157,637,2
56,9,1532,493,1577,573,2
56,10,1526,467,1551,514,2
56,11,906,598,988,700,2
56,14,1569,567,1632,673,3
56,15,1609,413,1649,480,2
56,16,1504,501,1557,588,3
57,4,1423,695,1509,812,2
57,5,751,659,813,767,2
57,6,1365,505,1410,584,2
57,7,1076,546,1123,617,2
57,8,1114,546,1158,637,2
57,9,1520,494,1570,582,2
57,10,1521,467,1547,515,2
57,11,909,598,986,701,2
57,14,1559,569,1637,670,2
57,15,1613,414,1654,481,3
57,16,1495,500,1561,588,2
57,21,573,536,616,629,2
58,4,1421,697,1498,814,2
58,5,751,657,813,760,2
58,6,1367,504,1414,584,2
58,7,1082,546,1129,618,2
58,8,1121,548,1163,636,2
58,9,1527,495,1575,580,2
58,10,1516,469,1544,517,2
58,11,911,598,977,702,2
58,14,1554,570,1635,669,2
58,15,1619,415,1660,482,2
58,16,1487,504,1557,587,3
58,21,580,537,624,631,3
59,4,1419,698,1486,816,2
59,5,751,656,809,756,2
59,6,1368,504,1420,585,2
59,7,1088,546,1138,620,2
59,8,1127,549,1168,639,2
59,10,1506,469,1539,520,2
59,11,910,598,967,701,2
59,14,1553,571,1629,671,2
59,15,1627,415,1663,483,3
59,16,1484,505,1553,588,2
59,21,587,540,630,632,2
59,37,1533,493,1567,569,3
60,4,1420,695,1475,816,2
60,5,748,655,802,757,2
60,6,1367,504,1424,586,2
60,7,1096,546,1140,618,2
60,8,1131,550,1173,640,2
60,10,1499,468,1539,527,2
60,11,910,598,959,701,2
60,14,1556,572,1626,675,3
60,15,1630,413,1667,483,2
60,16,1485,505,1548,589,2
60,21,596,542,638,633,3
60,37,1533,493,1569,571,2
60,45,1136,365,1155,407,2
61,4,1420,693,1475,815,2
61,5,749,656,796,758,2
61,6,1368,503,1426,587,2
61,7,1104,545,1148,617,2
61,8,1131,553,1179,640,2
61,9,1523,495,1567,574,2
61,10,1493,467,1535,525,2
61,11,914,598,958,701,2
61,14,1558,574,1613,676,2
61,15,1634,413,1669,481,2
61,16,1483,503,1540,592,2
61,21,603,544,645,634,3
62,4,1413,692,1475,815,2
62,5,749,654,793,756,2
62,6,1367,502,1424,588,2
62,7,1111,543,1154,617,2
62,8,1130,555,1185,641,2
62,9,1523,496,1565,566,2
62,10,1487,467,1529,526,2
62,11,914,599,956,701,2
62,14,1553,573,1601,676,2
62,15,1638,414,1677,483,3
62,16,1485,502,1533,592,2
62,21,609,545,652,634,2
63,4,1398,691,1471,814,2
63,5,749,648,797,756,2
63,6,1363,503,1418,587,2
63,7,1119,541,1167,625,2
63,8,1134,556,1194,641,2
63,9,1524,498,1565,556,2
63,10,1482,469,1522,523,2
63,11,914,600,956,701,2
63,14,1542,573,1596,676,2
63,16,1485,503,1529,593,2
63,21,617,545,659,633,2
64,4,1390,693,1467,813,2
64,5,748,646,801,752,2
64,6,1367,509,1415,587,2
64,7,1127,540,1169,621,2
64,8,1135,554,1202,642,2
64,9,1518,501,1562,559,2
64,10,1476,474,1521,541,2
64,11,904,605,951,702,2
64,14,1540,572,1601,676,2
64,15,1646,418,1687,486,2
64,16,1483,504,1527,593,2
64,21,623,546,665,633,3
64,40,1352,505,1402,550,2
65,4,1388,696,1458,813,2
65,5,745,644,802,750,2
65,6,1358,510,1418,588,2
65,8,1137,551,1209,643,2
65,10,1478,474,1511,529,2
65,11,895,606,951,702,2
65,14,1540,571,1602,674,2
65,15,1649,417,1691,488,2
65,16,1473,505,1524,593,3
65,21,629,546,673,635,2
65,37,1517,502,1557,580,2
66,4,1389,696,1448,815,2
66,5,742,642,798,749,2
66,6,1375,514,1430,589,2
66,8,1142,549,1211,641,2
66,10,1474,471,1504,529,2
66,11,888,606,956,703,2
66,14,1537,571,1598,668,2
66,15,1652,417,1692,488,3
66,16,1468,508,1523,593,1
66,21,637,546,681,636,2
66,37,1511,504,1550,577,2
67,4,1387,696,1440,816,2
67,5,738,642,792,748,2
67,6,1373,517,1435,587,2
67,8,1145,544,1212,641,2
67,10,1467,470,1499,537,2
67,11,882,606,963,703,2
67,14,1533,572,1591,669,2
67,15,1660,418,1700,488,2
67,16,1460,509,1523,594,2
67,21,645,547,687,636,3
67,40,1340,511,1395,562,2
68,4,1385,695,1435,816,2
68,5,735,641,788,750,2
68,6,1367,520,1440,588,2
68,8,1148,542,1209,642,2
68,10,1463,470,1495,535,2
68,11,888,605,967,704,2
68,14,1530,575,1583,669,2
68,15,1662,418,1703,489,2
68,16,1454,509,1521,596,2
68,21,652,546,696,636,3
68,37,1512,503,1557,581,2
68,40,1336,514,1398,578,2
69,4,1382,697,1435,816,2
69,5,733,640,789,748,2
69,6,1361,523,1445,591,2
69,7,1170,540,1214,638,2
69,8,1152,542,1207,641,2
69,10,1453,469,1492,546,2
69,11,891,604,960,705,2
69,14,1535,576,1581,675,2
69,15,1665,418,1708,489,2
69,16,1460,514,1520,597,3
69,21,661,547,703,636,2
69,37,1519,500,1564,575,2
69,40,1337,517,1399,588,1
70,4,1376,691,1439,816,2
70,5,733,638,790,746,2
70,6,1354,522,1447,592,2
70,7,1186,540,1220,629,2
70,8,1156,541,1209,643,2
70,10,1451,471,1488,544,2
70,11,894,603,949,705,2
70,14,1532,576,1570,676,2
70,15,1668,415,1713,490,2
70,16,1461,515,1518,597,3
70,21,668,548,711,636,2
70,37,1526,497,1568,568,2
70,40,1344,519,1398,584,2
71,4,1365,690,1440,814,2
71,5,732,638,786,741,2
71,6,1370,526,1450,593,2
71,7,1193,537,1226,628,2
71,8,1161,539,1208,639,2
71,10,1449,475,1486,548,3
71,11,895,603,944,704,2
71,14,1528,574,1568,678,2
71,15,1677,420,1719,490,2
71,16,1465,521,1515,596,2
71,21,678,552,719,637,2
71,37,1534,495,1575,568,2
71,40,1349,521,1395,577,2
72,4,1357,689,1441,811,2
72,5,730,638,780,739,2
72,6,1383,529,1446,592,2
72,7,1198,539,1232,635,2
72,8,1168,538,1211,641,2
72,10,1451,476,1485,551,2
72,11,895,603,943,703,2
72,14,1525,572,1570,677,2
72,15,1683,420,1726,491,3
72,16,1470,535,1509,596,2
72,21,684,555,726,638,2
72,37,1542,494,1590,577,2
73,4,1353,690,1443,810,2
73,5,727,638,772,742,2
73,6,1366,523,1436,592,2
73,7,1204,534,1238,631,2
73,8,1174,538,1212,641,2
73,10,1445,476,1479,552,2
73,11,895,603,943,702,3
73,14,1522,571,1576,677,2
73,15,1689,419,1732,491,2
73,21,693,561,734,638,2
73,37,1547,492,1597,573,2
74,4,1351,693,1438,811,2
74,5,728,637,768,742,2
74,6,1366,519,1428,592,2
74,7,1209,532,1245,631,2
74,8,1178,538,1217,640,2
74,10,1441,472,1478,552,2
74,11,888,605,942,703,2
74,14,1515,571,1573,667,3
74,15,1696,419,1738,491,2
74,21,702,562,742,637,2
74,37,1552,491,1606,562,2
74,45,1244,374,1263,415,2
74,51,1473,508,1508,594,3
75,4,1356,693,1434,811,2
75,5,728,637,774,739,2
75,6,1368,516,1432,591,2
75,7,1216,531,1255,636,2
75,8,1180,541,1219,640,2
75,10,1440,473,1478,553,2
75,11,880,607,942,704,2
75,14,1512,572,1576,668,3
75,15,1703,418,1744,492,2
75,21,709,564,750,639,2
75,37,1554,491,1604,554,2
75,51,1472,505,1513,594,2
76,4,1357,693,1425,811,2
76,5,723,635,779,738,2
76,6,1372,514,1438,591,2
76,7,1228,532,1263,633,2
76,8,1180,542,1225,641,2
76,10,1438,472,1479,553,2
76,11,876,609,943,704,2
76,14,1509,573,1571,669,2
76,15,1711,416,1751,490,2
76,21,719,564,761,642,2
76,37,1554,491,1612,569,3
76,51,1469,503,1517,593,2
77,4,1363,692,1422,811,2
77,5,724,636,779,733,2
77,6,1378,510,1446,589,2
77,7,1239,534,1273,634,2
77,8,1184,542,1234,641,2
77,10,1435,471,1479,551,2
77,11,875,610,947,704,2
77,14,1511,575,1570,671,2
77,15,1720,415,1756,490,3
77,21,729,564,774,649,2
77,37,1557,494,1619,585,2
77,51,1471,504,1523,592,2
78,4,1372,690,1423,811,2
78,5,727,631,777,731,2
78,6,1384,510,1455,587,2
78,7,1251,534,1285,635,2
78,8,1190,542,1244,641,2
78,10,1438,472,1477,538,2
78,11,877,608,961,704,2
78,14,1519,575,1573,671,2
78,15,1733,414,1766,490,3
78,21,744,563,784,641,2
78,37,1568,496,1626,594,2
78,51,1473,505,1531,592,2
79,4,1379,687,1427,811,2
79,5,732,627,776,730,2
79,6,1392,510,1467,588,2
79,7,1263,534,1298,635,2
79,8,1203,541,1259,642,2
79,10,1442,474,1483,540,2
79,11,887,607,971,703,2
79,14,1516,575,1571,672,2
79,15,1743,413,1777,490,3
79,37,1580,500,1627,580,2
79,51,1478,506,1535,596,2
80,4,1378,686,1432,809,2
80,5,739,625,782,730,2
80,6,1400,509,1474,589,2
80,7,1279,535,1314,636,2
80,8,1216,540,1273,642,2
80,10,1449,476,1490,548,2
80,11,896,605,978,704,2
80,14,1519,573,1571,673,2
80,15,1756,414,1789,491,2
80,37,1590,501,1642,596,3
80,51,1490,508,1540,597,2
81,4,1378,687,1438,808,2
81,5,746,623,788,729,2
81,6,1411,510,1481,590,2
81,7,1295,536,1329,637,2
81,8,1232,538,1284,641,2
81,10,1459,477,1492,542,2
81,11,908,604,980,705,2
81,14,1533,571,1585,673,2
81,15,1770,415,1803,490,2
81,37,1605,501,1657,598,2
81,51,1505,510,1548,597,3
82,4,1385,687,1448,809,2
82,5,755,623,799,724,2
82,6,1423,508,1486,591,2
82,7,1312,537,1346,638,2
82,8,1247,537,1298,641,2
82,10,1461,477,1496,553,2
82,11,917,604,979,703,2
82,14,1544,571,1597,675,3
82,15,1782,418,1820,489,2
82,21,804,562,847,643,2
82,37,1615,502,1666,597,2
82,51,1516,509,1552,595,1
83,4,1395,690,1456,809,2
83,5,761,623,807,722,2
83,6,1433,504,1490,590,2
83,7,1330,539,1363,639,2
83,8,1262,536,1307,641,2
83,10,1471,477,1507,553,2
83,11,928,603,987,702,2
83,14,1541,571,1609,675,2
83,15,1795,420,1834,488,3
83,21,815,562,866,643,2
83,37,1630,502,1681,591,2
83,51,1528,508,1559,590,1
84,4,1407,690,1463,809,2
84,5,767,622,812,720,2
84,6,1447,501,1498,590,2
84,7,1348,540,1381,640,2
84,8,1276,535,1316,641,2
84,10,1481,477,1519,553,2
84,11,935,602,992,703,2
84,14,1548,570,1620,673,2
84,15,1808,422,1851,489,2
84,21,827,563,885,643,2
84,37,1643,502,1694,595,3
84,51,1538,505,1572,594,2
85,4,1419,690,1472,810,2
85,5,774,621,817,715,2
85,6,1465,503,1512,592,2
85,7,1367,541,1400,641,2
85,8,1289,534,1325,642,2
85,10,1488,476,1518,542,2
85,11,943,604,993,705,2
85,14,1557,569,1630,676,2
85,15,1823,423,1868,490,2
85,21,841,563,905,643,3
85,37,1658,504,1709,598,2
85,51,1546,507,1584,595,2
86,4,1429,690,1480,811,2
86,5,782,619,829,713,2
86,6,1479,499,1527,593,2
86,7,1387,541,1420,642,2
86,8,1303,535,1335,640,2
86,10,1501,477,1526,533,2
86,11,953,606,1000,706,2
86,14,1570,567,1637,678,2
86,15,1842,424,1885,491,2
86,21,851,563,922,644,3
86,37,1671,507,1725,598,2
86,51,1554,506,1598,596,2
87,4,1435,689,1491,811,2
87,5,796,618,843,714,2
87,6,1493,507,1542,593,2
87,7,1406,542,1439,642,2
87,8,1318,535,1351,643,2
87,10,1512,480,1538,539,2
87,11,958,607,1008,706,2
87,14,1587,569,1644,679,2
87,15,1859,422,1903,491,2
87,21,868,562,941,645,3
87,37,1685,511,1742,600,2
87,51,1564,507,1618,597,2
88,4,1440,689,1503,812,2
88,5,807,623,857,713,2
88,7,1427,543,1460,644,2
88,8,1329,540,1368,644,2
88,10,1521,481,1554,545,2
88,11,965,607,1018,707,2
88,14,1598,576,1644,680,2
88,15,1877,422,1917,490,2
88,21,880,562,956,645,3
88,37,1699,513,1756,601,2
88,40,1502,521,1561,594,2
88,51,1578,509,1631,598,2
89,4,1448,689,1517,811,2
89,5,813,623,863,710,2
89,7,1446,544,1479,644,2
89,8,1338,543,1385,645,2
89,11,978,608,1030,707,2
89,14,1609,579,1652,680,2
89,15,1891,417,1926,490,2
89,21,892,563,969,647,2
89,37,1713,515,1768,604,2
89,40,1509,487,1582,596,2
89,51,1593,512,1643,601,3
90,4,1461,692,1529,812,2
90,5,820,626,867,708,2
90,6,1527,500,1588,597,2
90,7,1465,545,1499,645,2
90,8,1348,547,1403,647,2
90,10,1531,480,1571,553,2
90,11,992,608,1039,704,2
90,14,1620,577,1669,685,2
90,21,906,563,981,648,2
90,37,1726,516,1784,607,2
90,51,1611,514,1655,599,2
91,4,1477,694,1537,813,2
91,5,827,630,874,711,2
91,6,1546,510,1602,599,2
91,7,1483,549,1519,648,2
91,8,1363,549,1422,649,2
91,10,1537,480,1579,560,2
91,11,1006,608,1048,704,2
91,14,1626,576,1682,686,2
91,21,918,567,985,650,2
91,37,1743,516,1801,610,2
91,51,1625,515,1664,595,2
92,4,1494,696,1544,815,2
92,5,838,631,897,715,2
92,6,1558,504,1611,600,2
92,7,1501,551,1538,650,2
92,8,1377,549,1434,652,2
92,10,1544,480,1582,562,2
92,11,1019,605,1056,704,2
92,14,1624,578,1691,685,2
92,21,926,570,988,652,2
92,37,1758,515,1813,611,2
92,51,1641,515,1676,588,2
93,4,1505,698,1552,817,2
93,5,840,633,905,716,2
93,6,1570,506,1620,601,2
93,7,1518,551,1555,652,2
93,8,1392,549,1445,652,2
93,10,1550,483,1588,564,2
93,11,1029,604,1064,707,2
93,14,1631,581,1702,684,2
93,16,1578,541,1614,602,2
93,21,937,574,994,656,2
93,37,1771,515,1823,613,2
93,51,1654,515,1689,589,2
94,4,1516,699,1562,820,2
94,6,1580,500,1623,603,2
94,7,1533,554,1571,655,2
94,8,1406,548,1452,653,2
94,10,1557,485,1596,565,2
94,11,1038,604,1070,707,2
94,14,1637,591,1709,689,2
94,21,945,577,1001,659,2
94,37,1782,514,1828,616,2
94,51,1663,515,1704,605,2
95,4,1524,700,1571,823,2
95,6,1592,500,1629,604,2
95,7,1549,558,1585,658,2
95,8,1416,548,1456,655,2
95,10,1565,491,1602,565,2
95,11,1045,604,1077,705,2
95,14,1643,594,1713,694,2
95,21,941,584,1009,661,2
95,37,1794,514,1835,617,2
95,51,1672,516,1713,614,2
95,56,834,643,921,718,2
96,4,1533,701,1579,825,2
96,6,1601,501,1636,606,2
96,7,1564,559,1599,661,2
96,8,1425,549,1460,656,2
96,10,1577,494,1608,559,2
96,11,1046,605,1083,708,2
96,14,1655,598,1714,697,2
96,21,967,588,1030,663,2
96,37,1805,514,1846,619,2
96,51,1679,517,1723,616,2
96,56,839,650,922,718,2
97,4,1533,703,1586,827,2
97,6,1607,504,1644,609,2
97,7,1580,560,1615,666,2
97,8,1433,550,1466,659,2
97,10,1580,496,1610,560,2
97,11,1053,607,1089,710,2
97,14,1665,596,1713,699,2
97,21,965,591,1033,665,2
97,37,1815,515,1856,621,2
97,45,1612,387,1634,430,2
97,51,1686,521,1733,618,2
97,56,835,657,899,716,3
98,4,1535,706,1593,832,2
98,6,1615,508,1651,610,2
98,7,1593,562,1628,670,2
98,8,1440,552,1473,663,2
98,10,1583,497,1615,562,2
98,11,1059,611,1093,713,2
98,14,1673,598,1712,703,2
98,21,965,596,1035,666,2
98,37,1823,517,1862,624,2
98,51,1695,528,1739,619,2
98,56,838,663,900,719,2
99,4,1541,709,1597,835,2
99,6,1622,511,1659,612,2
99,7,1606,570,1639,673,2
99,8,1444,556,1480,667,2
99,10,1583,498,1622,576,2
99,11,1063,616,1098,717,2
99,14,1678,600,1717,707,2
99,37,1831,522,1871,628,2
99,51,1703,532,1744,621,2
99,56,847,673,914,724,2
100,4,1550,714,1603,837,2
100,6,1628,517,1665,614,2
100,7,1616,577,1649,675,2
100,8,1445,558,1486,671,2
100,10,1582,499,1627,583,2
100,11,1063,618,1101,720,2
100,14,1679,601,1725,712,2
100,37,1833,527,1876,630,2
100,51,1710,536,1748,627,2
100,56,835,679,901,725,2
101,4,1558,717,1607,840,2
101,6,1638,523,1671,603,2
101,7,1625,577,1668,679,2
101,8,1450,566,1494,674,2
101,10,1580,500,1623,587,2
101,11,1061,621,1104,722,2
101,14,1675,602,1733,715,2
101,37,1833,532,1880,636,2
101,51,1714,537,1750,630,2
101,56,837,686,893,725,2
102,4,1561,719,1611,843,2
102,6,1645,526,1678,603,2
102,7,1636,580,1681,682,2
102,8,1457,569,1502,676,2
102,10,1587,504,1624,591,2
102,11,1063,625,1110,725,2
102,14,1673,603,1740,716,2
102,37,1834,538,1884,640,2
102,51,1721,539,1755,637,2
103,4,1567,718,1615,845,2
103,6,1647,529,1683,613,2
103,7,1644,583,1689,685,2
103,8,1464,574,1509,679,2
103,10,1591,509,1624,596,2
103,11,1069,629,1114,727,2
103,14,1675,611,1744,717,2
103,37,1834,544,1891,642,2
103,51,1727,539,1759,639,2
104,4,1571,718,1619,846,2
104,6,1649,530,1687,615,2
104,7,1649,585,1692,686,2
104,8,1472,577,1514,681,2
104,10,1595,511,1627,598,2
104,11,1075,630,1118,729,2
104,14,1676,611,1750,719,2
104,37,1835,547,1900,645,2
104,51,1732,539,1768,639,2
105,4,1575,718,1622,846,2
105,6,1656,531,1692,623,2
105,7,1661,587,1704,687,2
105,8,1475,578,1514,683,2
105,10,1594,513,1627,600,2
105,11,1079,631,1120,730,2
105,14,1681,625,1749,725,2
105,37,1840,550,1909,648,2
105,51,1733,539,1777,642,2
106,4,1570,718,1624,848,2
106,5,853,691,893,733,2
106,6,1662,530,1698,634,2
106,7,1680,602,1716,688,2
106,8,1479,579,1516,685,2
106,10,1591,516,1630,602,2
106,11,1086,631,1123,731,2
106,14,1688,644,1746,728,2
106,37,1848,551,1914,649,2
106,51,1735,540,1784,645,2
107,4,1567,720,1627,850,2
107,5,854,691,895,735,2
107,6,1667,530,1702,634,2
107,7,1688,588,1719,661,2
107,8,1482,579,1519,687,2
107,10,1575,518,1631,604,2
107,11,1089,630,1124,733,2
107,14,1692,641,1746,731,2
107,37,1855,551,1917,650,2
107,51,1737,543,1791,647,2
108,4,1564,724,1628,853,2
108,5,858,693,898,736,2
108,6,1668,530,1706,637,2
108,7,1697,589,1727,658,2
108,8,1487,580,1524,689,2
108,10,1572,522,1633,606,2
108,11,1091,630,1128,735,2
108,14,1693,636,1738,732,2
108,37,1865,551,1919,651,2
108,51,1740,545,1797,649,2
109,4,1563,727,1630,857,2
109,6,1671,531,1711,638,2
109,7,1709,589,1732,642,2
109,8,1492,580,1531,691,2
109,10,1571,526,1627,612,2
109,11,1093,630,1130,737,2
109,14,1696,638,1737,734,2
109,37,1874,550,1919,653,2
109,45,1736,406,1758,449,2
109,51,1750,550,1801,652,2
110,4,1563,732,1636,860,2
110,6,1672,533,1716,640,2
110,8,1494,579,1538,693,2
110,10,1573,531,1618,614,2
110,11,1095,629,1133,739,2
110,14,1699,634,1735,716,2
110,37,1879,548,1921,654,2
110,45,1744,406,1767,450,2
110,51,1756,561,1801,654,3
111,4,1564,735,1643,862,2
111,6,1675,535,1721,641,2
111,8,1493,579,1542,695,2
111,10,1572,534,1613,616,2
111,11,1096,629,1135,741,2
111,37,1883,547,1920,656,2
111,40,1687,634,1745,739,2
111,51,1760,552,1804,656,2
112,4,1570,739,1651,864,2
112,6,1678,536,1728,645,2
112,8,1495,582,1548,697,2
112,10,1569,534,1617,618,2
112,11,1095,630,1137,743,2
112,37,1885,545,1921,656,2
112,40,1686,635,1749,740,2
112,51,1772,552,1802,628,2
113,4,1575,740,1657,867,2
113,6,1684,538,1733,648,2
113,8,1496,585,1553,699,2
113,10,1556,533,1616,619,2
113,11,1094,631,1141,744,2
113,37,1884,545,1919,656,2
113,40,1685,637,1752,741,2
113,45,1769,406,1792,451,2
113,51,1772,549,1808,655,2
113,63,1735,598,1768,694,3
114,4,1582,740,1658,869,2
114,6,1692,539,1737,646,2
114,8,1501,590,1557,701,2
114,10,1549,534,1614,617,2
114,11,1098,631,1146,746,2
114,37,1884,547,1919,657,2
114,40,1684,636,1754,745,2
114,51,1778,549,1810,657,2
114,63,1736,595,1775,710,2
115,4,1587,740,1655,869,2
115,6,1699,540,1742,647,2
115,8,1503,591,1559,703,2
115,10,1546,535,1612,618,2
115,11,1102,634,1149,748,2
115,37,1885,554,1919,658,2
115,40,1687,638,1753,748,2
115,45,1783,406,1806,452,2
115,51,1781,548,1814,660,2
115,63,1748,601,1782,712,3
116,4,1591,741,1650,870,2
116,6,1704,540,1746,649,2
116,8,1504,592,1559,704,2
116,10,1549,537,1600,617,2
116,11,1104,635,1152,749,2
116,37,1885,557,1918,658,2
116,40,1691,642,1748,750,2
116,51,1787,550,1819,661,2
116,63,1755,595,1792,714,2
117,4,1592,741,1648,872,2
117,6,1709,541,1747,651,2
117,8,1506,592,1557,704,2
117,10,1543,537,1585,619,2
117,11,1104,636,1155,750,2
117,37,1881,554,1919,658,2
117,40,1696,645,1742,750,2
117,51,1789,553,1824,662,2
117,63,1759,598,1795,716,2
118,4,1591,741,1646,873,2
118,6,1712,541,1745,645,2
118,8,1513,592,1556,704,2
118,10,1535,535,1572,621,2
118,11,1103,637,1156,750,2
118,37,1881,560,1919,660,2
118,40,1698,638,1742,752,2
118,51,1793,565,1828,664,2
118,63,1768,598,1803,718,2
118,67,337,700,366,756,1
119,4,1590,741,1648,875,2
119,6,1717,541,1746,641,2
119,8,1514,592,1554,705,2
119,10,1529,534,1566,620,2
119,11,1102,638,1154,751,2
119,37,1883,565,1919,661,2
119,40,1702,643,1740,753,2
119,51,1796,554,1834,660,2
119,63,1773,601,1807,719,2
119,67,336,701,365,758,1
120,4,1588,742,1648,878,2
120,6,1717,542,1747,643,2
120,8,1513,590,1553,707,2
120,10,1519,533,1564,620,2
120,11,1101,638,1153,753,2
120,37,1886,568,1920,664,2
120,40,1700,645,1737,754,2
120,51,1800,557,1837,661,2
120,63,1776,602,1809,720,2
121,4,1580,744,1646,881,2
121,6,1715,543,1747,643,2
121,8,1513,590,1553,709,2
121,11,1103,639,1153,754,2
121,16,1498,538,1559,618,2
121,37,1888,569,1921,666,2
121,40,1694,642,1734,756,2
121,51,1804,593,1834,665,2
121,63,1780,602,1814,721,2
121,67,331,704,360,760,2
122,4,1570,745,1643,882,2
122,6,1711,543,1747,644,2
122,8,1509,591,1551,711,2
122,10,1492,536,1538,618,2
122,11,1102,638,1151,754,2
122,37,1892,568,1922,667,2
122,40,1690,633,1737,756,2
122,63,1783,603,1824,721,2
123,4,1566,748,1643,883,2
123,6,1714,543,1751,652,2
123,8,1508,592,1551,712,2
123,10,1491,537,1535,618,2
123,11,1103,638,1152,756,2
123,37,1895,566,1922,667,2
123,40,1683,633,1735,757,2
123,45,1818,406,1842,453,2
123,63,1784,605,1832,724,3
123,67,325,707,354,763,2
123,70,1794,558,1835,654,1
124,4,1563,751,1640,885,2
124,6,1710,544,1751,656,2
124,8,1507,593,1552,713,2
124,10,1488,535,1530,620,2
124,11,1100,639,1147,758,2
124,37,1898,565,1921,668,2
124,40,1678,636,1734,759,2
124,63,1781,602,1832,724,2
124,70,1796,559,1828,632,2
125,4,1561,752,1637,887,2
125,6,1712,545,1752,658,2
125,8,1507,596,1554,714,2
125,10,1481,535,1521,620,2
125,11,1103,640,1152,759,2
125,37,1901,565,1921,668,2
125,40,1673,640,1733,762,2
125,63,1782,606,1832,725,2
125,70,1799,559,1831,622,2
