frame_id,x1,y1,x2,y2,conf,class
0,1423,741,1494,911,0.8262101411819458,2
0,1359,436,1437,525,0.7146233916282654,2
0,1298,263,1335,315,0.5600705742835999,2
1,1426,675,1499,829,0.7767629027366638,2
1,1279,260,1332,328,0.3408272862434387,2
2,1369,663,1455,803,0.7055390477180481,2
2,1177,494,1236,563,0.5700705051422119,2
2,1261,473,1325,574,0.4704141616821289,2
2,914,378,999,467,0.3845599591732025,2
3,927,363,1014,466,0.35470467805862427,2
3,167,249,215,346,0.33408087491989136,2
4,944,362,1026,437,0.5610522627830505,2
4,464,268,524,369,0.535125195980072,2
4,977,588,1077,702,0.26243364810943604,2
4,471,329,540,433,0.2603381276130676,2
5,1555,709,1640,840,0.927833616733551,2
5,599,752,659,886,0.9259000420570374,2
5,1215,455,1279,549,0.9125816822052002,2
5,877,575,934,671,0.8988832831382751,2
5,815,554,863,645,0.8970726728439331,2
5,1650,440,1712,520,0.8965592384338379,2
5,1467,417,1515,502,0.8898851871490479,2
5,825,611,900,714,0.8887171149253845,2
5,1730,588,1766,693,0.8747850656509399,2
5,1551,482,1607,578,0.8710291981697083,2
5,1568,556,1625,659,0.8645499348640442,2
5,1386,376,1429,449,0.7642731070518494,3
6,1550,711,1651,833,0.9321345686912537,2
6,833,617,899,719,0.9251151084899902,2
6,807,557,867,659,0.9221245050430298,2
6,602,751,668,879,0.9215745329856873,2
6,883,575,949,671,0.919675350189209,2
6,1225,458,1273,551,0.9058849811553955,2
6,1736,589,1783,694,0.901999294757843,2
6,1644,444,1711,518,0.8919331431388855,2
6,1569,551,1639,660,0.8801559805870056,2
6,1469,419,1527,504,0.880126953125,2
6,1551,484,1616,575,0.8687424063682556,2
6,1392,384,1424,455,0.7827555537223816,3
6,1468,397,1504,464,0.3645337224006653,2
6,0,552,14,611,0.3261192739009857,1
7,803,560,872,663,0.9264896512031555,2
7,1547,713,1614,831,0.9180644154548645,2
7,607,751,676,874,0.9171715974807739,2
7,1650,446,1712,525,0.9085878133773804,2
7,891,575,955,669,0.9060506224632263,2
7,1742,590,1796,695,0.9059906005859375,2
7,838,615,893,724,0.9041172862052917,2
7,1235,462,1280,553,0.8957574367523193,2
7,1546,713,1645,832,0.8886300325393677,2
7,1571,555,1649,658,0.8768031597137451,2
7,1474,424,1532,507,0.8740016222000122,2
7,1547,487,1595,581,0.8709001541137695,2
7,0,501,32,608,0.8449857831001282,1
7,1401,386,1430,454,0.8365342020988464,3
7,1442,495,1456,510,0.7339075803756714,0
7,0,501,31,608,0.4061059057712555,2
7,1483,403,1522,447,0.2901460528373718,2
8,1748,591,1809,696,0.9243354797363281,2
8,613,752,676,877,0.9185569882392883,2
8,1540,718,1613,839,0.915244460105896,2
8,808,565,876,666,0.9147780537605286,2
8,898,578,951,666,0.9065778851509094,2
8,1244,463,1295,558,0.9051892757415771,2
8,1568,568,1653,661,0.8929110169410706,2
8,839,616,892,725,0.890047550201416,2
8,1662,450,1701,531,0.8821842670440674,2
8,1484,428,1530,513,0.8654353618621826,2
8,1407,391,1440,459,0.857893705368042,3
8,1552,490,1618,587,0.8421460390090942,2
8,1447,498,1463,513,0.7905673980712891,0
8,0,505,41,610,0.6767387986183167,2
8,0,504,40,610,0.6729503273963928,1
8,1497,402,1536,447,0.3183020055294037,2
9,1536,721,1642,845,0.9214565753936768,2
9,817,570,878,670,0.9069117307662964,2
9,616,752,668,880,0.903018057346344,2
9,1664,452,1699,534,0.8992478847503662,2
9,1250,464,1307,559,0.8957454562187195,2
9,897,577,956,665,0.8879517316818237,2
9,1578,566,1640,664,0.8872652649879456,2
9,1755,593,1823,700,0.8853074908256531,2
9,844,613,897,727,0.8779038786888123,2
9,1497,431,1531,515,0.8660338521003723,2
9,1563,497,1601,588,0.8593601584434509,2
9,1415,394,1446,461,0.8367812037467957,3
9,14,505,54,612,0.6330118179321289,1
9,14,505,55,611,0.534688413143158,2
9,1521,406,1553,450,0.41104942560195923,2
9,1453,501,1469,517,0.2602487802505493,0
10,1255,466,1317,559,0.9193308353424072,2
10,1661,452,1711,536,0.9118844866752625,2
10,1536,722,1631,847,0.9116314053535461,2
10,829,571,878,665,0.9004529714584351,2
10,1762,593,1830,704,0.9000727534294128,2
10,1498,432,1538,518,0.8985254168510437,2
10,623,752,667,882,0.8944546580314636,2
10,849,614,907,729,0.8820105195045471,2
10,1586,569,1649,670,0.8763608336448669,2
10,920,578,959,670,0.8630958199501038,2
10,1565,498,1596,589,0.8629976511001587,2
10,1424,392,1455,461,0.8442848920822144,3
10,28,508,66,612,0.8063676357269287,1
10,1460,502,1474,517,0.6232746243476868,0
10,28,507,66,613,0.27861976623535156,2
11,1499,433,1547,519,0.926796555519104,2
11,1258,466,1328,560,0.9256988763809204,2
11,1536,719,1625,846,0.9157692193984985,2
11,1655,452,1719,532,0.9149761199951172,2
11,1778,596,1834,704,0.9046293497085571,2
11,834,570,879,662,0.9023939371109009,2
11,628,749,672,878,0.8994458317756653,2
11,1561,496,1596,576,0.8947604298591614,2
11,852,610,916,721,0.8939008712768555,2
11,1592,566,1647,670,0.8854153156280518,2
11,44,507,82,612,0.8681919574737549,1
11,933,574,966,672,0.8245356678962708,2
11,1431,393,1464,462,0.8128137588500977,3
11,1466,502,1482,518,0.4961152970790863,0
11,1554,408,1589,449,0.4703384339809418,2
11,916,573,965,670,0.34401053190231323,2
12,1534,717,1635,843,0.9291940927505493,2
12,632,745,686,878,0.9163628220558167,2
12,1266,469,1336,561,0.9101005792617798,2
12,853,609,926,717,0.9086682200431824,2
12,827,568,881,662,0.9081344604492188,2
12,1503,430,1552,518,0.9050987362861633,2
12,1649,453,1721,532,0.8991433382034302,2
12,937,571,981,671,0.8965103626251221,2
12,1788,597,1834,705,0.8921003937721252,2
12,1557,495,1610,585,0.8898445963859558,2
12,1596,567,1641,671,0.8818361163139343,2
12,1438,384,1469,462,0.8551201224327087,3
12,58,508,95,614,0.7801244258880615,1
13,1535,715,1642,841,0.9302164316177368,2
13,635,743,693,865,0.9195483326911926,2
13,1502,431,1554,517,0.9119445085525513,2
13,1651,453,1716,535,0.9057124257087708,2
13,1268,471,1339,564,0.8945199847221375,2
13,1551,494,1622,587,0.8940621614456177,2
13,857,606,927,717,0.8922224044799805,2
13,825,568,894,661,0.8876751065254211,2
13,939,569,985,661,0.8820499181747437,2
13,1598,563,1652,673,0.879716157913208,2
13,1445,394,1472,462,0.84083491563797,3
13,73,508,110,614,0.8218774199485779,2
13,1796,597,1841,706,0.8206963539123535,3
13,1796,598,1841,706,0.7854139804840088,2
13,1587,409,1621,451,0.5044618844985962,2
14,1536,715,1642,835,0.9294909238815308,2
14,1504,433,1553,518,0.9148650169372559,2
14,637,741,694,863,0.9083482623100281,2
14,1598,555,1664,673,0.9050728678703308,2
14,859,605,917,720,0.8996608853340149,2
14,1545,493,1624,585,0.8976448774337769,2
14,948,566,987,660,0.895500659942627,2
14,1268,472,1340,565,0.8940942883491516,2
14,830,568,893,665,0.8881736397743225,2
14,1805,595,1853,705,0.8833325505256653,2
14,1664,454,1697,537,0.8618680238723755,2
14,86,509,124,614,0.8479084968566895,2
14,1452,395,1478,460,0.8465870022773743,3
14,1805,595,1852,705,0.8207628130912781,3
14,0,157,28,210,0.5855560302734375,3
15,1534,715,1639,837,0.9345517158508301,2
15,1598,560,1672,665,0.9142520427703857,2
15,1270,473,1338,564,0.9120739698410034,2
15,637,739,690,866,0.906031608581543,2
15,1663,454,1700,536,0.9040445685386658,2
15,837,568,894,665,0.8985539674758911,2
15,1511,434,1554,522,0.894949734210968,2
15,1555,494,1624,584,0.8895929455757141,2
15,956,565,998,660,0.8854775428771973,2
15,863,610,914,719,0.8819471597671509,2
15,101,509,139,613,0.8616216778755188,1
15,1811,594,1860,704,0.8491024971008301,3
15,1811,595,1861,704,0.8471846580505371,2
15,1459,394,1491,461,0.7986021637916565,3
16,1534,716,1629,837,0.9337620139122009,2
16,1597,561,1677,662,0.9125117063522339,2
16,642,737,690,864,0.9053316116333008,2
16,1278,473,1336,564,0.9028529524803162,2
16,1658,452,1713,537,0.9025928974151611,2
16,837,568,898,665,0.8977890014648438,2
16,1522,437,1557,524,0.8934142589569092,2
16,962,563,1008,661,0.8850963711738586,2
16,1812,593,1871,701,0.8767085671424866,2
16,870,615,910,719,0.8650609254837036,2
16,1812,592,1870,701,0.86322420835495,3
16,1562,494,1615,590,0.8613907098770142,2
16,116,509,156,613,0.8526321053504944,1
16,1466,394,1491,463,0.830214262008667,3
17,1534,715,1619,840,0.9387084245681763,2
17,1655,452,1717,532,0.9141337871551514,2
17,645,733,698,862,0.9140349626541138,2
17,1603,560,1661,664,0.9052908420562744,2
17,845,565,899,638,0.9048305749893188,2
17,1518,436,1561,526,0.9018703103065491,2
17,871,614,919,720,0.8883131742477417,2
17,1819,593,1879,699,0.8815388083457947,2
17,970,561,1023,658,0.8749751448631287,2
17,1566,494,1602,588,0.8649335503578186,2
17,1308,492,1350,563,0.8486961722373962,2
17,131,509,170,613,0.8084628582000732,1
17,1819,593,1880,700,0.7992125153541565,3
17,1281,471,1336,545,0.7802428603172302,2
17,1473,393,1498,462,0.7797282934188843,3
17,1502,509,1517,526,0.6722735166549683,0
18,1537,712,1611,840,0.931582510471344,2
18,650,729,707,860,0.9164531230926514,2
18,851,563,903,641,0.9117470383644104,2
18,1290,471,1361,563,0.9044808149337769,2
18,1512,437,1569,523,0.9000828266143799,2
18,1647,452,1716,530,0.9000766277313232,2
18,975,559,1028,654,0.9000120162963867,2
18,872,610,927,718,0.8985846638679504,2
18,1567,491,1607,588,0.8819931745529175,2
18,1610,562,1657,667,0.8765124678611755,2
18,1831,594,1885,699,0.851457953453064,2
18,147,509,186,612,0.8208919167518616,1
18,1479,393,1510,462,0.7166751027107239,3
18,1832,593,1885,700,0.34830811619758606,3
18,1649,621,1669,636,0.31991398334503174,0
19,1541,709,1623,840,0.9378944039344788,2
19,653,728,715,850,0.925322949886322,2
19,1295,470,1371,562,0.9167749285697937,2
19,857,561,907,645,0.9092756509780884,2
19,872,610,938,711,0.9044767022132874,2
19,981,558,1030,649,0.9024624824523926,2
19,1513,437,1575,524,0.9022181630134583,2
19,1651,451,1708,534,0.8991035223007202,2
19,1562,487,1613,579,0.8986539840698242,2
19,1845,593,1888,700,0.8727302551269531,3
19,163,509,201,612,0.8475075960159302,1
19,1616,564,1650,668,0.8429864048957825,2
19,1482,393,1511,459,0.8270055651664734,3
19,1845,594,1888,701,0.8096786737442017,2
20,1543,707,1634,834,0.9300584197044373,2
20,866,609,944,712,0.9203726053237915,2
20,655,722,720,843,0.9202454686164856,2
20,1299,471,1380,561,0.9193200469017029,2
20,1514,438,1573,525,0.9090519547462463,2
20,986,557,1039,653,0.9079858660697937,2
20,1557,488,1620,577,0.9053606986999512,2
20,857,559,913,648,0.9013323187828064,2
20,1663,452,1693,535,0.862983226776123,2
20,1490,391,1516,462,0.8459028005599976,3
20,1850,595,1889,702,0.8445938229560852,2
20,1617,562,1661,660,0.8075149059295654,2
20,1850,594,1890,703,0.8014505505561829,3
20,177,509,215,613,0.476806640625,1
20,178,509,215,613,0.33850836753845215,2
21,866,614,945,710,0.9327648282051086,2
21,1543,705,1640,827,0.9259688258171082,2
21,1304,473,1382,565,0.9249089360237122,2
21,653,721,721,844,0.9184728264808655,2
21,1533,441,1576,524,0.9072239398956299,2
21,857,559,917,653,0.8937925696372986,2
21,1549,490,1617,581,0.8930115699768066,2
21,1618,559,1671,670,0.8903834819793701,2
21,986,556,1038,650,0.8862190246582031,2
21,1662,453,1695,534,0.8720386624336243,2
21,1857,592,1899,700,0.8577849268913269,2
21,1496,395,1521,460,0.8529422879219055,3
21,193,509,229,612,0.8058295249938965,1
21,1858,592,1898,700,0.6914892196655273,3
22,653,719,717,845,0.9229859709739685,2
22,871,611,943,712,0.9219266772270203,2
22,1309,475,1378,564,0.9138830304145813,2
22,1536,705,1605,822,0.9134151935577393,2
22,1653,451,1707,536,0.9108322858810425,2
22,985,554,1050,648,0.9101694822311401,2
22,1617,559,1682,670,0.9042932987213135,2
22,1545,493,1616,584,0.8895781636238098,2
22,1545,444,1578,525,0.8758460879325867,2
22,865,558,922,656,0.8618285059928894,2
22,1860,590,1907,698,0.8344612121582031,2
22,1500,395,1526,461,0.8234598636627197,3
22,205,509,243,612,0.7947395443916321,1
22,1515,513,1531,529,0.5142671465873718,0
23,657,717,717,842,0.9266747236251831,2
23,1615,558,1691,664,0.9221428632736206,2
23,1534,705,1627,824,0.9215625524520874,2
23,983,552,1058,647,0.9165595769882202,2
23,1644,452,1711,530,0.9106106162071228,2
23,1313,476,1378,564,0.9095813632011414,2
23,1546,445,1582,518,0.8964963555335999,2
23,879,557,927,643,0.8944060206413269,2
23,1548,494,1621,587,0.8846238255500793,2
23,875,612,935,712,0.8771229982376099,2
23,1863,588,1918,692,0.8447937965393066,2
23,1506,393,1534,462,0.805075466632843,3
23,216,509,256,611,0.7966894507408142,1
23,1518,513,1532,529,0.5903461575508118,0
23,216,508,255,612,0.3050473630428314,2
24,1608,557,1696,660,0.9249407052993774,2
24,1533,707,1623,830,0.9187371730804443,2
24,984,550,1063,642,0.9149993658065796,2
24,1638,450,1709,530,0.9106501936912537,2
24,664,712,719,839,0.9101703763008118,2
24,1556,495,1613,588,0.8928117156028748,2
24,1545,444,1587,526,0.8787715435028076,2
24,886,555,931,641,0.8787360191345215,2
24,1866,587,1920,691,0.870292067527771,2
24,1318,475,1361,560,0.8544889092445374,2
24,882,613,921,711,0.8179630041122437,2
24,1510,394,1538,461,0.7696630358695984,3
24,226,510,266,612,0.7444214224815369,1
24,1519,515,1533,529,0.7165454626083374,0
24,227,509,266,613,0.6870149374008179,2
25,986,548,1062,637,0.9226164817810059,2
25,672,710,726,836,0.9167699217796326,2
25,1608,558,1689,659,0.9098729491233826,2
25,1527,706,1590,829,0.8989908695220947,2
25,1544,443,1588,527,0.8871912360191345,2
25,881,604,923,710,0.8865729570388794,2
25,1640,451,1699,532,0.8849650025367737,2
25,1320,476,1370,564,0.8752768635749817,2
25,893,552,938,641,0.8533118963241577,2
25,1561,529,1588,588,0.8354402780532837,2
25,238,509,277,612,0.8257390856742859,2
25,1514,394,1537,462,0.8184983730316162,3
25,1873,588,1920,694,0.8158608675003052,2
25,1873,588,1920,695,0.7497666478157043,3
25,1519,516,1533,529,0.6911544799804688,0
25,1564,493,1597,565,0.6337727308273315,2
25,1553,708,1612,808,0.567261815071106,2
26,1526,705,1599,829,0.9225773215293884,2
26,676,706,732,825,0.9091828465461731,2
26,1325,475,1380,565,0.9059286117553711,2
26,990,547,1053,639,0.904100775718689,2
26,1612,559,1686,663,0.8972450494766235,2
26,882,594,929,708,0.8954463005065918,2
26,1539,444,1587,521,0.8948971033096313,2
26,1646,451,1685,534,0.8866725564002991,2
26,1556,492,1597,588,0.8845072984695435,2
26,900,549,945,633,0.8800965547561646,2
26,1882,589,1920,694,0.8148480653762817,2
26,1881,588,1920,695,0.7603104114532471,3
26,248,510,288,613,0.6990538239479065,2
26,1519,516,1533,530,0.6873763203620911,0
26,1513,391,1542,465,0.6672893762588501,3
27,1524,702,1592,829,0.9298949837684631,2
27,881,595,935,705,0.9223650097846985,2
27,675,705,731,823,0.9132182002067566,2
27,1640,452,1678,534,0.9075426459312439,2
27,1326,473,1387,564,0.9064865112304688,2
27,993,546,1057,639,0.8948695063591003,2
27,1541,445,1584,518,0.8854778409004211,2
27,1611,560,1676,663,0.8851966857910156,2
27,905,546,951,635,0.8805839419364929,2
27,1548,492,1601,586,0.8798602819442749,2
27,1885,587,1920,695,0.8035961985588074,3
27,259,510,299,613,0.7716640830039978,2
27,1885,588,1920,693,0.7413599491119385,2
27,1514,393,1542,464,0.7086896896362305,3
27,1519,517,1534,532,0.7057955265045166,0
28,1521,700,1596,828,0.9432213306427002,2
28,1323,473,1393,559,0.9105713963508606,2
28,1630,451,1684,534,0.9091659784317017,2
28,677,704,727,825,0.9069960713386536,2
28,879,591,939,700,0.9051454067230225,2
28,997,542,1057,637,0.8990402221679688,2
28,909,544,959,636,0.8932771682739258,2
28,1536,492,1604,581,0.88896644115448,2
28,1605,560,1659,664,0.8871889114379883,2
28,1546,447,1583,509,0.8822579979896545,2
28,1891,587,1920,693,0.8116454482078552,2
28,1518,392,1543,460,0.8006624579429626,3
28,1891,587,1920,695,0.7718645334243774,3
28,1519,518,1532,531,0.651523768901825,0
28,269,510,310,613,0.39204561710357666,1
28,270,510,310,614,0.2683030664920807,2
29,1522,698,1597,819,0.9404582977294922,2
29,1321,473,1397,560,0.9203155636787415,2
29,998,539,1063,634,0.9167038798332214,2
29,1608,558,1658,664,0.9127875566482544,2
29,678,701,725,824,0.9072607159614563,2
29,868,592,940,699,0.9050305485725403,2
29,1620,450,1684,527,0.9044860601425171,2
29,911,543,966,633,0.9019211530685425,2
29,1535,492,1605,581,0.8783358335494995,2
29,1541,447,1581,512,0.8732783794403076,2
29,1895,585,1920,686,0.7898064255714417,2
29,281,510,321,612,0.7647448182106018,1
29,281,509,321,613,0.7644579410552979,2
29,1895,585,1920,686,0.721780002117157,3
29,1522,393,1545,458,0.48530760407447815,3
29,1519,518,1532,531,0.3498973250389099,0
30,1509,699,1594,819,0.92803955078125,2
30,1611,449,1681,526,0.9181762337684631,2
30,1320,474,1400,561,0.917997419834137,2
30,1605,556,1664,666,0.9169592261314392,2
30,679,697,726,823,0.9134361147880554,2
30,999,538,1063,628,0.9093175530433655,2
30,913,543,970,631,0.9019541144371033,2
30,875,592,940,701,0.9008796811103821,2
30,1533,490,1598,583,0.8842114806175232,2
30,1538,447,1581,513,0.8831446766853333,2
30,292,510,329,612,0.7926451563835144,1
30,1899,584,1920,685,0.7489312291145325,3
30,1900,582,1920,686,0.5849046111106873,2
30,1519,519,1532,533,0.29687777161598206,0
31,1501,698,1586,819,0.926189661026001,2
31,999,535,1064,630,0.9155048727989197,2
31,1601,555,1669,662,0.9149909019470215,2
31,1321,476,1397,564,0.9145932197570801,2
31,679,692,729,816,0.9125731587409973,2
31,913,542,974,636,0.9064207077026367,2
31,1533,492,1590,586,0.8962132334709167,2
31,1611,451,1663,531,0.8936325311660767,2
31,876,596,934,702,0.8919559717178345,2
31,1542,446,1579,511,0.8482922911643982,2
31,303,510,339,610,0.8457352519035339,1
31,1901,584,1920,685,0.8280860185623169,2
31,1524,393,1549,459,0.6187023520469666,3
31,834,339,853,380,0.5838282108306885,3
31,1901,587,1920,685,0.35841289162635803,3
32,1506,699,1573,819,0.92228764295578,2
32,1596,555,1672,657,0.9221014976501465,2
32,680,689,733,807,0.920382559299469,2
32,998,534,1061,631,0.914604902267456,2
32,1320,478,1393,564,0.9102236032485962,2
32,916,540,977,635,0.9002891778945923,2
32,880,597,927,700,0.8882111310958862,2
32,313,509,350,609,0.8842743039131165,1
32,1616,451,1647,531,0.8753710389137268,2
32,1537,490,1580,585,0.8635236620903015,2
32,1902,587,1920,686,0.8423646092414856,2
32,1523,388,1551,459,0.8191664218902588,3
32,1533,447,1577,530,0.8086971044540405,2
32,1518,478,1565,533,0.37957262992858887,2
32,1520,454,1574,534,0.3099094033241272,2
33,682,687,738,801,0.921271800994873,2
33,1498,699,1557,821,0.9197381734848022,2
33,1589,554,1666,657,0.919414758682251,2
33,1318,479,1388,564,0.911104142665863,2
33,1610,452,1644,531,0.907133162021637,2
33,999,532,1057,633,0.9070152044296265,2
33,920,539,975,636,0.9059013724327087,2
33,879,595,923,701,0.8888699412345886,2
33,323,509,360,609,0.8413422703742981,1
33,1535,489,1576,583,0.8156002163887024,2
33,1526,391,1554,458,0.80146723985672,3
33,1540,447,1575,514,0.7800056338310242,2
33,1513,519,1528,533,0.6587940454483032,0
33,1905,589,1920,686,0.6255956292152405,2
34,924,538,977,633,0.9241979122161865,2
34,1497,696,1549,821,0.9234759211540222,2
34,683,686,734,803,0.908585786819458,2
34,1601,453,1648,532,0.9009301066398621,2
34,997,530,1054,632,0.8994961977005005,2
34,1592,558,1645,661,0.8868086934089661,2
34,880,592,924,700,0.8845095634460449,2
34,1315,479,1380,563,0.8730921149253845,2
34,335,509,371,609,0.8370013236999512,1
34,1531,502,1573,586,0.818376362323761,2
34,1544,450,1573,524,0.7157120108604431,2
34,1519,395,1554,461,0.6727773547172546,3
34,1518,395,1555,463,0.6268603801727295,2
34,1526,489,1568,542,0.5541546940803528,2
34,1315,479,1373,530,0.5012420415878296,2
35,1492,694,1556,820,0.9251353144645691,2
35,1591,451,1650,527,0.9241769313812256,2
35,685,685,733,805,0.9110965132713318,2
35,999,529,1059,623,0.9092763662338257,2
35,925,538,981,629,0.9070985317230225,2
35,883,590,929,698,0.8998967409133911,2
35,1315,479,1373,566,0.8982135057449341,2
35,1521,488,1574,582,0.8884847164154053,2
35,1594,559,1643,662,0.857161283493042,2
35,1520,396,1555,463,0.7408677935600281,3
35,1543,452,1573,512,0.7324520945549011,2
35,346,510,383,610,0.5737196803092957,1
35,345,510,382,609,0.44781067967414856,2
35,1519,396,1556,464,0.39358168840408325,2
36,998,528,1064,619,0.9226933717727661,2
36,1486,691,1562,816,0.9199449419975281,2
36,1315,479,1382,566,0.9115893244743347,2
36,929,540,987,630,0.9112778902053833,2
36,881,588,935,698,0.9060590267181396,2
36,686,684,735,806,0.9056200385093689,2
36,1513,492,1574,580,0.8938852548599243,2
36,1578,452,1649,526,0.8866719007492065,2
36,1597,595,1631,663,0.7938844561576843,2
36,1527,396,1557,462,0.777764618396759,3
36,1542,450,1575,514,0.7524995803833008,2
36,1598,561,1631,638,0.7348294258117676,2
36,357,511,394,613,0.47620952129364014,1
36,357,511,395,612,0.30029621720314026,2
37,1474,691,1567,809,0.9362853169441223,2
37,878,589,942,694,0.9176026582717896,2
37,1319,480,1388,566,0.9167553186416626,2
37,1004,528,1065,618,0.9119986295700073,2
37,1512,491,1570,582,0.9040519595146179,2
37,937,543,993,630,0.9001516699790955,2
37,1593,561,1636,664,0.8967684507369995,2
37,688,682,737,791,0.8847684264183044,2
37,1533,397,1559,461,0.8316619992256165,3
37,367,512,405,615,0.7232411503791809,2
37,1538,449,1574,526,0.6554527878761292,2
37,1521,450,1574,525,0.530413031578064,2
37,1575,453,1641,529,0.5011773109436035,2
37,367,512,405,613,0.43186962604522705,1
37,741,654,753,664,0.34819361567497253,0
38,1464,691,1567,808,0.9331187605857849,2
38,877,589,946,694,0.9295153021812439,2
38,1321,480,1394,564,0.9151886105537415,2
38,1006,528,1068,621,0.912595808506012,2
38,1588,559,1645,667,0.9097063541412354,2
38,946,544,998,632,0.9042404890060425,2
38,691,679,740,801,0.8903247714042664,2
38,1517,493,1564,584,0.878790020942688,2
38,1535,399,1563,464,0.8353421688079834,3
38,1584,454,1625,532,0.791196882724762,2
38,1537,453,1575,534,0.6783283948898315,2
38,379,515,416,613,0.6286697387695312,2
38,379,515,416,613,0.37795156240463257,1
39,880,591,947,694,0.9275984764099121,2
39,1464,691,1540,810,0.9164170026779175,2
39,1327,482,1396,565,0.9161689877510071,2
39,697,678,748,792,0.9106269478797913,2
39,1585,559,1652,666,0.9101460576057434,2
39,957,544,1006,631,0.8919427394866943,2
39,1012,529,1073,622,0.868416965007782,2
39,1584,455,1614,533,0.8624088764190674,2
39,1541,397,1568,467,0.8413993120193481,3
39,390,517,427,615,0.8074419498443604,2
39,1521,493,1564,584,0.801862895488739,2
39,1535,458,1577,535,0.7101413011550903,2
40,883,592,948,696,0.9252384901046753,2
40,1333,483,1398,568,0.9204776287078857,2
40,1577,559,1657,661,0.9193006157875061,2
40,1020,527,1078,622,0.9185633659362793,2
40,697,677,752,788,0.9177637100219727,2
40,1464,694,1532,812,0.9132513403892517,2
40,968,543,1013,630,0.9092163443565369,2
40,400,519,440,615,0.887678325176239,1
40,1576,453,1617,534,0.8747893571853638,2
40,1517,494,1561,584,0.8523958325386047,2
40,1544,398,1571,468,0.7531694769859314,3
40,1544,457,1573,535,0.7060807943344116,2
40,1544,397,1574,470,0.25024113059043884,2
41,885,592,947,695,0.9230507016181946,2
41,1460,694,1541,813,0.9198545217514038,2
41,1336,485,1393,567,0.91156405210495,2
41,700,676,752,788,0.9110003709793091,2
41,1023,527,1082,620,0.9081215858459473,2
41,1577,560,1658,659,0.9062862396240234,2
41,978,543,1022,629,0.9053227305412292,2
41,1510,492,1569,584,0.9041016101837158,2
41,1572,451,1620,532,0.8593354225158691,2
41,411,521,450,615,0.8399425745010376,1
41,1542,399,1577,470,0.767949640750885,3
41,785,657,797,666,0.6703222990036011,0
41,1543,458,1575,535,0.6569473743438721,2
41,1541,398,1580,470,0.46522852778434753,2
41,412,521,451,616,0.40497663617134094,2
42,889,591,942,696,0.913282573223114,2
42,1459,693,1527,814,0.913167417049408,2
42,1579,562,1646,661,0.9086079001426697,2
42,704,677,755,790,0.903897225856781,2
42,420,523,462,615,0.8990933299064636,1
42,1028,526,1085,618,0.897718071937561,2
42,1506,492,1573,583,0.8945082426071167,2
42,989,542,1030,631,0.8904253244400024,2
42,1344,487,1393,567,0.8282934427261353,2
42,1341,485,1386,557,0.8135696053504944,2
42,1550,401,1581,470,0.802925705909729,3
42,1538,465,1583,549,0.7219098210334778,2
42,1573,455,1619,521,0.4341756999492645,2
42,55,367,81,421,0.26145467162132263,2
42,1571,458,1609,527,0.2543828785419464,2
43,1463,690,1521,813,0.9277729988098145,2
43,711,674,759,789,0.9233754873275757,2
43,896,590,939,696,0.9150148034095764,2
43,1581,563,1644,665,0.9126204252243042,2
43,1504,493,1575,576,0.9100790619850159,2
43,1345,487,1402,569,0.8935684561729431,2
43,998,543,1041,629,0.8877519369125366,2
43,1028,526,1091,611,0.8854647874832153,2
43,431,523,472,614,0.8658462166786194,1
43,1545,476,1594,550,0.8353931903839111,2
43,1556,399,1587,465,0.8341864347457886,3
43,1535,464,1582,550,0.7245728969573975,2
43,1566,454,1597,521,0.48041704297065735,2
43,1567,447,1603,515,0.3764404356479645,2
44,1466,689,1527,815,0.9219875931739807,2
44,899,589,945,697,0.9157200455665588,2
44,716,670,764,788,0.9130437970161438,2
44,1346,486,1409,571,0.9113568663597107,2
44,441,524,485,616,0.9062612652778625,1
44,1578,565,1632,666,0.8858872652053833,2
44,1510,493,1572,578,0.8852843046188354,2
44,1009,541,1050,628,0.8804668188095093,2
44,1040,527,1094,593,0.8688104152679443,2
44,1554,474,1602,550,0.7546544671058655,2
44,1537,466,1580,545,0.7439403533935547,2
44,1565,447,1595,525,0.6471543312072754,2
44,1562,400,1592,463,0.6339988708496094,3
44,1536,471,1599,550,0.5879269242286682,2
44,1564,404,1594,482,0.3628399968147278,2
44,1566,445,1604,515,0.3028852939605713,2
45,903,589,953,698,0.9162158966064453,2
45,1347,485,1417,569,0.9147087335586548,2
45,1466,688,1529,809,0.9130401015281677,2
45,720,667,768,784,0.9028961658477783,2
45,1577,564,1628,666,0.891157865524292,2
45,1518,491,1565,584,0.8883585333824158,2
45,1018,539,1060,629,0.8696244359016418,2
45,1044,526,1088,593,0.8288708925247192,2
45,453,526,495,617,0.8276554942131042,1
45,1539,468,1598,543,0.7820145487785339,2
45,1567,400,1597,468,0.7669153809547424,3
45,1552,460,1599,540,0.6044253706932068,2
45,831,659,843,670,0.42499813437461853,0
45,453,527,495,617,0.3639961779117584,2
45,58,602,83,650,0.2808453142642975,2
46,1345,487,1421,570,0.9193114042282104,2
46,1453,689,1531,808,0.9182659983634949,2
46,1579,562,1636,669,0.91465824842453,2
46,905,590,957,696,0.9141396284103394,2
46,724,665,770,776,0.903645396232605,2
46,464,528,506,619,0.894849956035614,1
46,1027,537,1076,629,0.8774174451828003,2
46,1513,492,1558,586,0.8143393397331238,2
46,1549,457,1595,538,0.7892800569534302,2
46,1047,525,1088,602,0.7792519330978394,2
46,1542,466,1584,537,0.7765948176383972,2
46,1569,399,1604,466,0.7719243168830872,3
46,1001,351,1021,394,0.47244101762771606,3
46,1530,490,1563,573,0.28540435433387756,2
46,1562,459,1602,533,0.256345272064209,2
47,1580,562,1642,671,0.9265545606613159,2
47,1448,690,1531,808,0.9262917041778564,2
47,908,592,959,693,0.9203815460205078,2
47,1346,489,1424,574,0.9153035879135132,2
47,728,665,773,777,0.9113168716430664,2
47,1545,459,1598,545,0.8843387365341187,2
47,1509,495,1562,586,0.8734127283096313,2
47,1035,534,1087,630,0.8693450689315796,2
47,474,529,517,619,0.8564067482948303,1
47,1574,398,1606,465,0.6902255415916443,3
48,1448,692,1524,812,0.9300513863563538,2
48,1576,561,1646,665,0.913649320602417,2
48,911,595,960,694,0.9094977378845215,2
48,1513,494,1566,587,0.896173894405365,2
48,730,665,774,778,0.892491340637207,2
48,1544,458,1600,551,0.880954384803772,2
48,1351,497,1420,575,0.8777629733085632,2
48,1042,540,1097,631,0.8668839335441589,2
48,1346,491,1414,548,0.7690043449401855,2
48,1037,533,1090,620,0.7557032108306885,2
48,484,530,527,621,0.5812346339225769,2
48,1581,403,1608,464,0.5660011768341064,3
48,484,530,527,621,0.4987153708934784,1
48,863,662,878,676,0.32287177443504333,0
49,1448,695,1514,813,0.9285604953765869,2
49,1570,562,1647,665,0.9200036525726318,2
49,735,666,779,780,0.903654158115387,2
49,913,598,961,694,0.9022274017333984,2
49,1051,542,1106,633,0.8974321484565735,2
49,1544,462,1592,536,0.8904868364334106,2
49,1512,495,1570,584,0.8894035816192627,2
49,1354,501,1412,576,0.8277843594551086,2
49,1345,492,1404,553,0.7587276697158813,2
49,1039,539,1083,616,0.7473713159561157,2
49,493,533,539,622,0.36888736486434937,1
49,104,602,130,654,0.32007095217704773,2
50,1448,695,1505,814,0.9200456142425537,2
50,739,665,779,778,0.9089921712875366,2
50,1572,566,1644,668,0.9067931175231934,2
50,914,600,962,697,0.9066110253334045,2
50,1059,546,1116,635,0.8928515315055847,2
50,1511,497,1570,581,0.8882132172584534,2
50,1542,464,1579,533,0.8472345471382141,2
50,1046,537,1107,624,0.8203314542770386,2
50,1369,505,1402,578,0.8071339726448059,2
50,1345,494,1394,549,0.7896881699562073,2
50,1345,496,1399,572,0.6731001734733582,2
50,506,533,548,622,0.6080211997032166,1
50,505,533,547,622,0.32883793115615845,2
50,886,665,901,679,0.3249655067920685,0
51,1449,693,1500,816,0.9190556406974792,2
51,1069,548,1125,635,0.9098436832427979,2
51,917,600,964,697,0.9028845429420471,2
51,1516,500,1569,581,0.895666778087616,2
51,745,664,786,779,0.891737163066864,2
51,1575,570,1632,671,0.8912330269813538,2
51,1371,509,1404,580,0.8840417861938477,2
51,1347,497,1389,548,0.8718559145927429,2
51,1053,541,1094,615,0.8298262357711792,2
51,1543,466,1580,532,0.8251793384552002,2
51,514,534,559,624,0.5715851783752441,1
51,515,534,558,624,0.4315823018550873,2
51,1056,543,1113,628,0.3829745948314667,2
51,613,458,635,513,0.28034546971321106,1
52,1448,692,1506,818,0.9286978244781494,2
52,915,599,972,697,0.918398916721344,2
52,748,664,794,770,0.9102734923362732,2
52,1080,548,1135,636,0.8891032338142395,2
52,1364,510,1413,581,0.8801928162574768,2
52,1582,574,1624,672,0.8744670152664185,2
52,1520,502,1553,582,0.8704473376274109,2
52,1348,499,1390,547,0.8599324226379395,2
52,1600,408,1634,477,0.8519980311393738,3
52,1059,539,1103,615,0.8419944643974304,2
52,1541,470,1574,554,0.8377522230148315,2
52,526,534,568,626,0.6173616647720337,2
53,1445,692,1511,815,0.9195307493209839,2
53,913,598,980,699,0.9180482625961304,2
53,752,663,796,766,0.9119400382041931,2
53,1088,550,1145,636,0.8865883350372314,2
53,1581,574,1618,675,0.876920759677887,2
53,1362,510,1421,582,0.873267650604248,2
53,1519,502,1550,585,0.8560707569122314,2
53,1604,409,1634,478,0.8551223278045654,3
53,1538,468,1577,555,0.848282516002655,2
53,1352,500,1398,550,0.8351568579673767,2
53,1064,541,1108,621,0.8328973650932312,2
53,536,536,578,625,0.5668153166770935,2
53,1352,501,1415,560,0.33513033390045166,2
54,1434,693,1518,812,0.931615948677063,2
54,907,598,988,699,0.9211641550064087,2
54,754,663,798,770,0.9129220843315125,2
54,1359,503,1424,584,0.9097814559936523,2
54,1576,568,1622,675,0.9039567112922668,2
54,1514,502,1551,586,0.9007752537727356,2
54,1096,548,1149,637,0.8940839767456055,2
54,1535,467,1581,552,0.8351194858551025,2
54,1602,410,1639,478,0.8291597962379456,3
54,1072,543,1109,615,0.8286069631576538,2
54,545,535,588,625,0.5765292048454285,1
55,1425,694,1521,808,0.9317694902420044,2
55,904,598,990,700,0.9297938942909241,2
55,753,663,805,769,0.9215964674949646,2
55,1571,566,1629,678,0.9055911898612976,2
55,1103,547,1154,637,0.8962653279304504,2
55,1510,502,1555,589,0.890175998210907,2
55,1071,547,1114,616,0.8659951090812683,2
55,1365,507,1421,584,0.8587746024131775,2
55,1603,412,1645,478,0.840729296207428,3
55,555,535,598,625,0.8310108780860901,1
55,1536,494,1579,574,0.7638521194458008,2
55,1534,467,1555,519,0.7458629012107849,2
55,1092,357,1115,406,0.5942100286483765,3
55,1362,504,1419,563,0.4444849491119385,2
56,1425,695,1517,810,0.9393868446350098,2
56,1567,568,1635,673,0.9248787760734558,2
56,907,599,988,701,0.9246332049369812,2
56,752,662,812,769,0.9240043759346008,2
56,1366,505,1414,585,0.9191474318504333,2
56,1501,501,1561,588,0.9029918909072876,2
56,1108,547,1157,638,0.8936144113540649,2
56,1071,546,1120,616,0.8812626600265503,2
56,1104,363,1122,405,0.8094788789749146,3
56,1528,467,1550,514,0.7826135158538818,2
56,1606,414,1654,481,0.6944670081138611,3
56,1536,493,1575,573,0.6907790899276733,2
56,563,537,608,627,0.5935297012329102,2
56,562,537,607,627,0.31630080938339233,1
56,176,615,201,665,0.2782518267631531,2
57,1425,696,1508,813,0.9334888458251953,2
57,1556,570,1641,670,0.927360475063324,2
57,911,599,985,702,0.9237715005874634,2
57,751,659,814,767,0.9137877225875854,2
57,1367,505,1409,584,0.9089929461479187,2
57,1116,547,1157,637,0.8944422602653503,2
57,1492,501,1565,589,0.8935539722442627,2
57,1076,546,1124,618,0.8726511001586914,2
57,1521,468,1548,516,0.6778127551078796,2
57,1611,415,1658,482,0.668048620223999,3
57,1517,495,1572,583,0.6347388029098511,2
57,574,537,616,630,0.6177396774291992,2
57,1111,365,1131,406,0.46899905800819397,3
58,1554,570,1636,669,0.9314255118370056,2
58,1423,698,1497,815,0.9286817908287048,2
58,1367,504,1415,585,0.924679696559906,2
58,914,599,975,702,0.9200745820999146,2
58,751,658,814,760,0.9109154939651489,2
58,1122,549,1163,637,0.8929443955421448,2
58,1485,505,1560,587,0.8900602459907532,2
58,1082,546,1130,618,0.88841712474823,2
58,581,538,624,632,0.851097047328949,2
58,1516,470,1545,518,0.8270429968833923,2
58,1620,415,1660,483,0.781122624874115,3
58,1121,364,1140,406,0.7595841288566589,3
58,1530,495,1575,580,0.725656270980835,2
59,1368,504,1421,586,0.9287720918655396,2
59,1555,572,1628,672,0.9220221042633057,2
59,913,598,965,701,0.9102364182472229,2
59,1423,698,1483,817,0.9079487919807434,2
59,752,657,809,756,0.9012014269828796,2
59,1128,550,1168,640,0.8868973851203918,2
59,1484,506,1554,589,0.886824369430542,2
59,1089,546,1138,621,0.8700752854347229,2
59,1629,415,1662,483,0.8518858551979065,3
59,1534,494,1567,570,0.8373091816902161,2
59,1504,469,1542,521,0.8290553689002991,2
59,1129,364,1148,407,0.6844074130058289,3
59,587,541,631,632,0.6433684825897217,1
59,1348,359,1374,408,0.5139753222465515,3
59,588,540,632,632,0.2697852551937103,2
60,1367,504,1425,587,0.9276398420333862,2
60,1424,695,1472,816,0.916123628616333,2
60,913,599,957,702,0.9068326354026794,2
60,1131,551,1174,640,0.9035719037055969,2
60,1560,573,1623,676,0.9011666774749756,2
60,751,656,800,758,0.8889954090118408,2
60,1098,547,1140,618,0.8877667188644409,2
60,1631,413,1667,484,0.8750139474868774,3
60,1490,505,1544,589,0.8490536212921143,2
60,1499,468,1540,528,0.82244873046875,2
60,1135,366,1157,408,0.721817135810852,3
60,597,543,639,634,0.6180170774459839,2
60,1533,493,1571,571,0.607745885848999,2
61,1420,693,1476,816,0.929153323173523,2
61,1368,503,1427,588,0.9281314611434937,2
61,1130,554,1181,641,0.9101592898368835,2
61,915,599,958,701,0.9091736674308777,2
61,751,657,795,759,0.8961681723594666,2
61,1105,545,1148,617,0.8958548307418823,2
61,1563,575,1609,677,0.8882096409797668,2
61,603,545,646,634,0.8711724877357483,2
61,1492,468,1537,525,0.8544060587882996,2
61,1494,503,1530,593,0.8040164113044739,2
61,1523,495,1568,574,0.7367473840713501,2
61,1635,414,1670,481,0.7350111603736877,3
61,1144,367,1164,408,0.30752381682395935,3
61,1642,420,1675,483,0.25104930996894836,3
62,1413,692,1476,815,0.9350229501724243,2
62,1129,556,1187,641,0.9177368879318237,2
62,1368,503,1424,589,0.9169537425041199,2
62,915,600,956,702,0.9106259346008301,2
62,750,654,793,756,0.901272177696228,2
62,1557,573,1597,676,0.8741458058357239,2
62,609,545,653,634,0.860905110836029,2
62,1112,543,1154,618,0.8591389656066895,2
62,1488,468,1529,527,0.8501479029655457,2
62,1636,415,1680,484,0.8333405256271362,3
62,1492,502,1527,592,0.8249384164810181,2
62,1521,497,1569,566,0.693806529045105,2
63,1397,692,1473,814,0.9356369972229004,2
63,749,648,798,757,0.9217716455459595,2
63,1541,573,1598,677,0.9156719446182251,2
63,914,601,957,702,0.909784197807312,2
63,1364,504,1418,587,0.8934661746025085,2
63,1132,556,1197,641,0.883776068687439,2
63,617,545,660,633,0.868689775466919,2
63,1482,470,1523,523,0.855549693107605,2
63,1121,541,1166,626,0.8544466495513916,2
63,1490,504,1526,594,0.7802777290344238,2
63,1519,499,1571,556,0.7205914258956909,2
63,1640,414,1678,485,0.537131130695343,3
63,28,402,54,476,0.4825119972229004,2
63,1495,501,1558,572,0.3910227417945862,2
63,1159,369,1178,408,0.3329552710056305,3
63,578,590,599,607,0.2785450220108032,0
64,1539,572,1603,676,0.9344643354415894,2
64,748,646,803,752,0.9279554486274719,2
64,1389,694,1469,813,0.9275910258293152,2
64,903,606,953,702,0.9121922254562378,2
64,1134,554,1204,643,0.892633855342865,2
64,624,547,665,634,0.8582528233528137,2
64,1369,510,1414,588,0.8512573838233948,2
64,1130,540,1167,621,0.8300632834434509,2
64,1518,502,1563,560,0.8267040252685547,2
64,1480,475,1518,542,0.8112765550613403,2
64,1483,504,1528,593,0.8063464760780334,2
64,1646,419,1689,487,0.8005493879318237,3
64,1351,505,1404,551,0.7627879977226257,2
64,1351,505,1412,579,0.6938934326171875,2
64,1167,370,1185,411,0.27351242303848267,3
65,1389,697,1458,814,0.9335428476333618,2
65,745,644,803,751,0.9232593774795532,2
65,894,607,953,703,0.9175562858581543,2
65,1540,571,1603,674,0.9158326983451843,2
65,1137,551,1210,643,0.8999720811843872,2
65,1355,511,1422,589,0.8807864189147949,2
65,630,546,673,636,0.8750560283660889,2
65,1482,474,1508,529,0.8065361380577087,2
65,1651,417,1690,489,0.8040849566459656,3
65,1467,506,1531,593,0.7938792109489441,2
65,1515,502,1560,581,0.6833088994026184,2
65,1137,541,1180,632,0.49125951528549194,2
65,1375,512,1422,589,0.47185882925987244,2
65,1173,368,1192,409,0.3687310516834259,3
66,1391,696,1447,816,0.9349112510681152,2
66,886,606,959,703,0.918613851070404,2
66,742,643,799,750,0.9171106815338135,2
66,1537,571,1599,668,0.8913361430168152,2
66,1143,549,1211,641,0.8908716440200806,2
66,1376,515,1430,589,0.8893300294876099,2
66,1476,471,1503,529,0.8641667366027832,2
66,1653,417,1692,488,0.8318034410476685,3
66,638,547,682,637,0.7941668629646301,1
66,1510,504,1552,577,0.7810332775115967,2
66,1462,509,1530,594,0.7638115286827087,2
66,637,547,682,637,0.6026399731636047,2
66,1341,511,1423,572,0.5596219301223755,2
66,1340,509,1397,555,0.546131432056427,2
67,880,606,966,703,0.9302781224250793,2
67,1389,696,1439,816,0.9222676157951355,2
67,739,643,792,749,0.9075173139572144,2
67,1147,544,1211,642,0.9036280512809753,2
67,1535,573,1590,670,0.8940755724906921,2
67,1468,470,1499,538,0.8890069127082825,2
67,1369,518,1440,587,0.8676331639289856,2
67,645,547,688,636,0.8618841171264648,2
67,1458,509,1526,594,0.8472618460655212,2
67,1661,419,1700,489,0.835180938243866,3
67,1340,512,1395,563,0.7363412976264954,2
67,1341,513,1438,577,0.49412086606025696,2
67,1187,366,1208,410,0.4571734070777893,3
67,1497,506,1545,592,0.4379368722438812,2
68,889,605,967,705,0.9275028109550476,2
68,1150,542,1208,642,0.9167436957359314,2
68,1386,695,1435,816,0.9133217334747314,2
68,736,642,788,751,0.9077215790748596,2
68,1453,509,1523,597,0.8778496384620667,2
68,653,546,696,637,0.8715271949768066,2
68,1362,521,1446,589,0.8632047176361084,2
68,1463,470,1496,535,0.8567954301834106,2
68,1534,600,1580,674,0.790919840335846,2
68,1661,418,1704,489,0.7905799150466919,3
68,1511,503,1559,582,0.7616048455238342,2
68,1534,576,1580,669,0.7534712553024292,2
68,1342,515,1393,579,0.739647626876831,2
68,976,601,998,616,0.4233272969722748,0
68,1197,372,1217,413,0.3708740174770355,3
69,1382,698,1436,816,0.9245817065238953,2
69,894,604,958,706,0.9162392020225525,2
69,733,640,790,748,0.9127562642097473,2
69,1461,515,1520,597,0.9108136296272278,2
69,1154,543,1206,641,0.8827629685401917,2
69,1538,577,1579,676,0.881811261177063,2
69,1356,524,1451,592,0.8694348335266113,2
69,1453,469,1493,547,0.8581657409667969,2
69,1519,500,1565,575,0.8197517395019531,2
69,1665,419,1709,490,0.8051463961601257,3
69,1343,518,1394,589,0.7517865896224976,2
69,1174,541,1211,639,0.7421153783798218,2
69,661,548,704,636,0.6467066407203674,1
69,661,547,705,637,0.5404051542282104,2
69,1182,538,1214,624,0.4783841669559479,2
69,1345,519,1413,588,0.4056018590927124,2
70,1376,691,1440,817,0.9336812496185303,2
70,897,603,947,705,0.9210396409034729,2
70,733,639,791,746,0.9162676334381104,2
70,1462,515,1518,597,0.9111249446868896,2
70,1534,576,1568,676,0.9091553092002869,2
70,1527,497,1569,568,0.9066817760467529,2
70,1451,472,1489,544,0.8792926073074341,2
70,1159,541,1207,644,0.8761324286460876,2
70,1351,522,1451,593,0.8367464542388916,2
70,1668,415,1714,490,0.8248140811920166,3
70,669,548,711,636,0.7940623164176941,2
70,1191,540,1217,629,0.7782545685768127,2
70,1348,520,1395,584,0.6934782266616821,2
70,1329,586,1351,604,0.5240057706832886,0
70,1183,537,1220,627,0.26214340329170227,2
71,1363,690,1443,814,0.9286845922470093,2
71,732,639,787,741,0.9270449280738831,2
71,897,603,943,704,0.9109382629394531,2
71,1528,574,1569,679,0.8953195810317993,2
71,1164,539,1206,639,0.883855402469635,2
71,1678,421,1720,491,0.8667681217193604,3
71,1450,476,1486,549,0.8664137721061707,2
71,678,553,720,638,0.8606826066970825,2
71,1537,495,1573,569,0.8544498682022095,2
71,1374,527,1447,593,0.8405971527099609,2
71,1468,522,1513,596,0.806378960609436,2
71,1195,537,1225,628,0.768080472946167,2
71,1353,521,1414,579,0.7085840702056885,2
71,1286,593,1312,610,0.6849213242530823,0
71,1353,521,1393,576,0.6384919285774231,2
71,1220,373,1240,414,0.5373405814170837,3
71,1446,482,1491,559,0.33806711435317993,2
72,1355,690,1444,811,0.9319403767585754,2
72,731,639,780,740,0.9313698410987854,2
72,1524,572,1572,677,0.9085538983345032,2
72,1542,494,1591,578,0.8992310166358948,2
72,896,604,943,703,0.888691782951355,2
72,1453,477,1484,551,0.8726387023925781,2
72,1170,538,1210,642,0.8663383722305298,2
72,1389,530,1441,592,0.8620713949203491,2
72,1683,420,1727,491,0.8437862992286682,3
72,684,556,727,638,0.8292738795280457,2
72,1472,536,1508,597,0.8126786351203918,2
72,1199,540,1232,636,0.8054526448249817,2
72,1362,521,1404,567,0.7917022109031677,2
72,1473,511,1506,589,0.7140049338340759,2
72,1250,600,1276,620,0.3382536470890045,0
73,1353,691,1444,810,0.9376494884490967,2
73,1520,572,1579,677,0.916172444820404,2
73,730,639,770,743,0.9151005744934082,2
73,895,604,944,703,0.9064825177192688,2
73,1546,492,1599,573,0.8877387046813965,2
73,1176,539,1211,641,0.8764169216156006,2
73,1689,419,1733,491,0.8729089498519897,3
73,1204,534,1239,631,0.8637267351150513,2
73,693,562,735,639,0.8567072153091431,2
73,1446,476,1479,552,0.8544318675994873,2
73,1475,510,1507,596,0.8532403111457825,2
73,1367,523,1435,593,0.8117663860321045,2
74,1352,694,1438,812,0.9402599334716797,2
74,729,638,768,743,0.9227672815322876,2
74,1513,572,1576,667,0.9108014702796936,2
74,1368,519,1427,592,0.9071752429008484,2
74,887,606,944,704,0.9023923873901367,2
74,1441,472,1479,552,0.8986017107963562,2
74,1473,508,1509,594,0.8924909234046936,2
74,1697,420,1738,492,0.8839307427406311,3
74,1209,532,1246,632,0.8725612163543701,2
74,1179,539,1217,641,0.8650830388069153,2
74,1547,492,1613,562,0.8577874302864075,2
74,702,562,743,637,0.84814453125,2
74,1244,374,1264,415,0.6991992592811584,3
74,1181,356,1210,414,0.2804117798805237,3
75,727,638,776,739,0.9176846742630005,2
75,1359,694,1432,812,0.9114502668380737,2
75,879,608,944,705,0.9111606478691101,2
75,1511,573,1578,669,0.9103081822395325,2
75,1369,516,1432,591,0.9081686735153198,2
75,1472,505,1514,595,0.903661847114563,2
75,1440,474,1479,554,0.8934199213981628,2
75,1704,418,1744,492,0.8857404589653015,3
75,1217,532,1255,637,0.8752127885818481,2
75,1180,542,1220,641,0.863828718662262,2
75,709,565,751,640,0.8033850789070129,2
75,1551,491,1607,554,0.7513018846511841,2
75,1552,492,1624,559,0.4258430302143097,2
75,1138,620,1158,636,0.2985788583755493,0
76,875,610,945,705,0.928601086139679,2
76,1360,694,1423,811,0.9226456880569458,2
76,1510,574,1571,670,0.9221327304840088,2
76,1468,504,1519,593,0.9083357453346252,2
76,1373,514,1439,592,0.9047074913978577,2
76,1179,543,1227,642,0.9011045098304749,2
76,721,635,782,739,0.9005804657936096,2
76,1229,533,1263,633,0.884826123714447,2
76,1437,472,1481,553,0.875312328338623,2
76,1556,492,1611,570,0.8601446747779846,2
76,1712,416,1751,490,0.8511189818382263,3
76,720,564,761,643,0.7579737901687622,2
77,874,610,949,705,0.9293522834777832,2
77,1183,543,1236,642,0.9139044284820557,2
77,1378,510,1447,589,0.9103072881698608,2
77,1367,692,1419,812,0.90631502866745,2
77,1513,576,1569,672,0.9051655530929565,2
77,724,637,780,733,0.9025211930274963,2
77,1240,535,1273,635,0.8922289609909058,2
77,1469,505,1526,592,0.8870702981948853,2
77,1723,416,1754,491,0.8773280382156372,3
77,1434,471,1481,551,0.8595110774040222,2
77,1561,495,1616,586,0.8267396688461304,2
77,731,564,773,650,0.8230448961257935,2
77,5,422,35,498,0.4869130849838257,2
78,876,608,963,704,0.9358031749725342,2
78,1472,506,1533,593,0.9205302596092224,2
78,729,631,776,732,0.9137224555015564,2
78,1189,543,1246,642,0.9110938906669617,2
78,1570,497,1625,595,0.9038555026054382,2
78,1383,511,1457,587,0.9020153880119324,2
78,1375,690,1421,812,0.9007017016410828,2
78,1521,575,1572,672,0.8908461332321167,2
78,1734,414,1766,490,0.88112872838974,3
78,1252,535,1285,635,0.87828528881073,2
78,1437,473,1479,538,0.8572559952735901,2
78,745,563,784,641,0.7635964155197144,2
78,1042,635,1068,654,0.2621438801288605,0
79,887,607,972,704,0.928706169128418,2
79,1380,687,1427,812,0.9165913462638855,2
79,735,627,774,731,0.9115378260612488,2
79,1203,541,1260,642,0.9102285504341125,2
79,1480,507,1534,597,0.9046949148178101,2
79,1392,510,1468,589,0.9034172892570496,2
79,1263,534,1299,636,0.8965732455253601,2
79,1516,575,1572,673,0.8741782307624817,2
79,1744,414,1777,491,0.8622274398803711,3
79,1442,475,1485,541,0.8422582745552063,2
79,1581,501,1627,580,0.8058574199676514,2
79,1016,645,1038,661,0.6491486430168152,0
79,755,564,795,641,0.5818818807601929,2
79,362,616,397,673,0.2869196832180023,2
80,1378,686,1433,809,0.9268031120300293,2
80,897,605,978,705,0.9234757423400879,2
80,1217,541,1273,643,0.9176666140556335,2
80,740,625,782,731,0.9111435413360596,2
80,1521,573,1570,673,0.8944047689437866,2
80,1280,536,1314,636,0.8932573795318604,2
80,1492,509,1539,597,0.8899365663528442,2
80,1401,510,1474,590,0.8870981931686401,2
80,1593,501,1641,597,0.8659485578536987,2
80,1757,415,1789,491,0.8584990501403809,3
80,1451,477,1489,549,0.8267273902893066,2
80,770,562,813,641,0.5430701375007629,2
80,1315,375,1336,415,0.31336528062820435,3
80,771,563,813,641,0.2843337655067444,1
81,1377,688,1440,809,0.9224269390106201,2
81,1233,538,1284,641,0.9164607524871826,2
81,746,624,789,729,0.907138466835022,2
81,1413,511,1480,591,0.9056614637374878,2
81,912,605,977,705,0.903864860534668,2
81,1295,537,1330,638,0.9012216329574585,2
81,1534,571,1585,673,0.8920153975486755,2
81,1605,502,1658,598,0.8888903856277466,2
81,1508,511,1546,597,0.8849628567695618,2
81,1461,478,1491,542,0.8807812333106995,2
81,1769,416,1805,490,0.8535345196723938,3
81,781,563,828,641,0.5859248638153076,1
82,1385,688,1449,810,0.9168874621391296,2
82,1544,572,1598,676,0.912976086139679,2
82,1426,508,1484,591,0.9067912697792053,2
82,754,624,801,724,0.9027078151702881,2
82,1249,537,1297,642,0.9015271067619324,2
82,920,604,976,703,0.899254560470581,2
82,1313,537,1346,639,0.878629207611084,2
82,1781,419,1822,489,0.873966634273529,3
82,1616,502,1666,597,0.873477578163147,2
82,1521,509,1548,595,0.8627260327339172,2
82,1464,477,1494,554,0.8596102595329285,2
82,801,562,851,643,0.6041015386581421,1
82,1186,687,1202,700,0.3705892562866211,0
83,1396,691,1456,810,0.9181713461875916,2
83,1538,571,1613,675,0.9137789011001587,2
83,1264,536,1306,641,0.912179708480835,2
83,761,624,808,722,0.9000320434570312,2
83,929,603,987,703,0.8952203989028931,2
83,1437,504,1487,590,0.8950406312942505,2
83,1330,540,1364,640,0.8842684030532837,2
83,1530,508,1558,590,0.8768943548202515,2
83,1794,421,1836,489,0.8730742931365967,3
83,1470,477,1509,553,0.863996684551239,2
83,1629,502,1683,591,0.8355054259300232,2
83,813,563,869,643,0.811242401599884,1
83,1203,687,1220,701,0.4791221022605896,0
83,814,563,868,643,0.34073910117149353,2
84,1547,570,1622,673,0.9183045029640198,2
84,767,623,813,721,0.9071276187896729,2
84,1644,503,1694,596,0.90459805727005,2
84,1409,691,1462,810,0.8982105255126953,2
84,1278,535,1315,642,0.8945290446281433,2
84,1451,501,1495,591,0.8822058439254761,2
84,937,603,991,704,0.8821485638618469,2
84,1349,540,1381,641,0.8781636953353882,2
84,1539,505,1572,595,0.8775945901870728,2
84,825,563,888,643,0.8563974499702454,2
84,1807,423,1853,490,0.8524680733680725,3
84,1481,477,1521,553,0.8392836451530457,2
84,824,563,887,643,0.4391306936740875,1
84,1222,689,1238,702,0.36332276463508606,0
84,905,667,935,688,0.3464563190937042,0
85,1420,690,1472,811,0.9113225340843201,2
85,775,621,817,715,0.9070253968238831,2
85,1658,505,1710,598,0.9062991738319397,2
85,1367,542,1401,642,0.8979493975639343,2
85,1558,570,1630,677,0.8961701393127441,2
85,945,605,992,706,0.8958818912506104,2
85,1545,508,1586,596,0.88956618309021,2
85,1291,535,1324,642,0.888521671295166,2
85,840,563,907,644,0.8768222332000732,2
85,1823,424,1869,491,0.8634078502655029,3
85,1467,504,1511,593,0.8490692377090454,2
85,1491,476,1516,542,0.8405978679656982,2
85,839,563,907,644,0.35978445410728455,1
86,1670,508,1727,598,0.9114081859588623,2
86,1553,506,1600,597,0.9105077385902405,2
86,1430,690,1480,811,0.9099616408348083,2
86,782,620,830,714,0.9048647880554199,2
86,1573,567,1635,679,0.9018799066543579,2
86,955,607,999,706,0.8911062479019165,2
86,1480,499,1527,593,0.8855077624320984,2
86,1388,541,1420,642,0.8847835659980774,2
86,849,564,925,645,0.8794241547584534,2
86,1843,424,1885,491,0.8783847689628601,3
86,1305,536,1334,640,0.8673930764198303,2
86,1502,478,1527,533,0.8233830332756042,2
86,847,564,924,644,0.3023598790168762,1
87,1435,689,1492,812,0.9195491075515747,2
87,957,607,1010,707,0.9075669050216675,2
87,1562,508,1621,598,0.9048953652381897,2
87,1684,512,1744,600,0.8991456627845764,2
87,1319,535,1351,644,0.8944879174232483,2
87,1406,543,1440,643,0.8897697925567627,2
87,797,619,844,715,0.88382488489151,2
87,868,562,942,645,0.8821911811828613,2
87,1491,508,1545,593,0.8739373087882996,2
87,1860,422,1903,492,0.8724951148033142,3
87,1512,481,1539,540,0.8607795238494873,2
87,1593,570,1639,680,0.8512076735496521,2
87,867,562,942,646,0.560263454914093,1
87,850,689,871,707,0.45831725001335144,0
87,1490,495,1535,575,0.285179078578949,2
88,1439,689,1505,812,0.9314931631088257,2
88,1328,541,1370,644,0.9169196486473083,2
88,1699,514,1757,601,0.9139800667762756,2
88,965,608,1019,708,0.9123257398605347,2
88,806,624,859,713,0.8973497152328491,2
88,1427,544,1461,644,0.8914753198623657,2
88,1502,521,1562,594,0.8628900647163391,2
88,1603,577,1640,680,0.844015896320343,2
88,1879,423,1916,490,0.830758810043335,3
88,878,563,958,646,0.8239015340805054,2
88,1578,510,1632,599,0.8230676651000977,2
88,1518,481,1558,546,0.809455931186676,2
88,875,563,959,647,0.6846238970756531,1
89,1448,690,1518,811,0.9321580529212952,2
89,1336,544,1388,646,0.9194589853286743,2
89,1714,516,1768,605,0.9122598767280579,2
89,892,564,970,648,0.9092121720314026,2
89,979,608,1030,707,0.9044383764266968,2
89,813,624,864,710,0.898380696773529,2
89,1446,544,1480,644,0.8899102210998535,2
89,1514,487,1578,597,0.8772875070571899,2
89,1611,580,1652,681,0.8749933242797852,2
89,1595,513,1642,602,0.8558915853500366,2
89,1897,417,1920,490,0.8291141390800476,3
89,892,564,970,649,0.34017708897590637,1
90,1462,693,1529,813,0.9278901815414429,2
90,1727,516,1784,608,0.9234043955802917,2
90,993,608,1039,704,0.9214857220649719,2
90,1346,548,1406,648,0.9168404936790466,2
90,1619,577,1671,686,0.8922075629234314,2
90,1465,546,1500,646,0.8860262036323547,2
90,1526,500,1590,598,0.8738231658935547,2
90,1614,515,1653,599,0.8589465618133545,2
90,834,629,874,712,0.8368824124336243,2
90,910,563,977,649,0.831644594669342,2
90,820,627,868,708,0.8150692582130432,2
90,910,563,976,649,0.7432615756988525,1
90,1529,480,1574,554,0.6759461760520935,2
91,1479,695,1536,814,0.9184525012969971,2
91,1363,549,1423,650,0.9175723791122437,2
91,1744,516,1801,610,0.9123594760894775,2
91,1625,576,1684,686,0.9046250581741333,2
91,1483,550,1520,649,0.9007363319396973,2
91,1008,608,1047,704,0.898430347442627,2
91,839,631,888,713,0.8677641153335571,2
91,1627,515,1663,595,0.8670246005058289,2
91,1547,511,1602,599,0.8506816029548645,2
91,922,568,981,651,0.8488733172416687,2
91,1538,480,1579,561,0.8350372314453125,2
91,922,568,982,650,0.8186249732971191,1
91,825,631,877,712,0.6112014651298523,2
91,1542,480,1589,566,0.47926971316337585,2
92,1496,697,1543,816,0.9229886531829834,2
92,1379,549,1433,653,0.9141557812690735,2
92,1759,515,1813,611,0.9132681488990784,2
92,1021,605,1055,705,0.9127922058105469,2
92,1621,579,1695,685,0.905633807182312,2
92,1502,551,1538,651,0.8884546756744385,2
92,1545,480,1582,562,0.8844200968742371,2
92,1642,515,1677,588,0.8769543766975403,2
92,834,632,902,716,0.8441770672798157,2
92,1563,504,1607,600,0.826457679271698,2
92,930,571,985,653,0.8204890489578247,2
92,930,571,986,653,0.5966842174530029,1
93,1773,515,1822,614,0.9185150861740112,2
93,1506,698,1552,818,0.9152829051017761,2
93,1031,604,1063,708,0.9089423418045044,2
93,1629,582,1705,684,0.9052863717079163,2
93,1394,549,1444,652,0.9003519415855408,2
93,1551,484,1589,564,0.885857105255127,2
93,1518,551,1556,653,0.8840136528015137,2
93,1655,515,1689,590,0.8761662244796753,2
93,824,635,889,715,0.8430199027061462,2
93,940,575,991,657,0.8380335569381714,2
93,1579,541,1614,602,0.7938000559806824,2
93,832,634,914,717,0.76714026927948,2
93,1578,507,1613,602,0.6450405716896057,2
93,854,632,913,716,0.4860849976539612,2
93,606,626,636,678,0.3932958245277405,2
94,1784,514,1827,616,0.9266197681427002,2
94,1517,699,1562,821,0.9088643789291382,2
94,1408,548,1451,654,0.9061137437820435,2
94,830,640,919,716,0.905510663986206,2
94,1636,592,1711,690,0.9026532769203186,2
94,1039,604,1070,707,0.8967562913894653,2
94,1534,555,1571,656,0.8954426646232605,2
94,1665,515,1703,606,0.8615065217018127,2
94,1584,500,1620,603,0.8611856698989868,2
94,1556,486,1598,565,0.8474326729774475,2
94,945,578,1002,659,0.8345717787742615,2
95,833,644,923,719,0.923926830291748,2
95,1795,514,1835,617,0.9233129024505615,2
95,1644,595,1713,695,0.915264904499054,2
95,1525,700,1572,824,0.9140514135360718,2
95,1045,604,1078,705,0.8997912406921387,2
95,1674,516,1712,615,0.8963904976844788,2
95,1419,548,1454,655,0.8878771066665649,2
95,1550,559,1585,658,0.878046989440918,2
95,1595,501,1627,604,0.8705929517745972,2
95,935,585,1016,661,0.8663434386253357,2
95,1566,492,1603,565,0.8111637830734253,2
96,1806,514,1846,619,0.9151066541671753,2
96,1534,702,1579,825,0.9129946827888489,2
96,1658,598,1712,697,0.9119431972503662,2
96,1046,606,1084,709,0.9054542183876038,2
96,1427,549,1459,657,0.8962976932525635,2
96,1678,518,1725,616,0.8930655717849731,2
96,837,651,925,718,0.8843878507614136,2
96,1602,502,1636,607,0.8775256276130676,2
96,1565,559,1599,662,0.8588756322860718,2
96,1579,494,1608,559,0.8535240292549133,2
96,971,588,1028,664,0.8455029129981995,2
96,934,585,987,657,0.6521557569503784,2
97,1532,704,1588,828,0.9175066351890564,2
97,1816,516,1856,621,0.9061080813407898,2
97,1434,551,1466,660,0.9036625027656555,2
97,1054,608,1089,711,0.8969563841819763,2
97,1685,522,1735,618,0.8960192799568176,2
97,1607,505,1645,609,0.8938301205635071,2
97,839,658,896,716,0.886358916759491,2
97,1672,596,1707,700,0.8814550638198853,2
97,1581,560,1615,667,0.8779423236846924,2
97,1580,496,1611,560,0.8607536554336548,2
97,960,591,1038,665,0.8227473497390747,2
97,1612,387,1635,431,0.6987876892089844,3
97,884,610,899,625,0.5788058042526245,0
97,659,631,686,687,0.2986348569393158,2
98,1695,529,1740,619,0.9185099601745605,2
98,1535,706,1594,833,0.9132614731788635,2
98,1824,518,1862,625,0.9095996618270874,2
98,1440,553,1474,664,0.903559148311615,2
98,1615,509,1652,610,0.8984183669090271,2
98,1583,497,1616,563,0.8883852362632751,2
98,1678,598,1708,704,0.877992570400238,2
98,838,663,901,720,0.8744734525680542,2
98,1060,612,1093,714,0.8716640472412109,2
98,1593,563,1629,670,0.8687109351158142,2
98,960,597,1040,666,0.803576648235321,2
98,883,607,898,622,0.4861924946308136,0
98,672,632,697,689,0.3947303593158722,2
98,1626,390,1647,432,0.3913927376270294,3
98,919,607,938,626,0.2863091230392456,0
99,1541,710,1598,835,0.914808988571167,2
99,1444,557,1481,668,0.9055256843566895,2
99,1704,533,1744,622,0.8988763689994812,2
99,1607,571,1639,673,0.8971461653709412,2
99,1831,523,1872,628,0.895850419998169,2
99,1623,512,1659,613,0.892678439617157,2
99,1584,498,1622,577,0.8883070945739746,2
99,1679,601,1717,708,0.8882327079772949,2
99,1063,617,1099,718,0.8682000637054443,2
99,836,674,926,725,0.7994589805603027,2
99,881,606,894,620,0.43952706456184387,0
99,967,604,1012,675,0.3441080152988434,1
100,1444,559,1488,672,0.9143597483634949,2
100,1832,528,1878,631,0.9092138409614563,2
100,1551,715,1603,838,0.9083036780357361,2
100,1677,601,1728,713,0.8934995532035828,2
100,1582,499,1628,584,0.8927943110466003,2
100,1628,518,1667,614,0.8853665590286255,2
100,1713,537,1746,628,0.8832947611808777,2
100,1062,619,1103,721,0.8690298795700073,2
100,1616,578,1650,676,0.8491039872169495,2
100,831,679,905,725,0.8255419135093689,2
100,678,641,713,695,0.48828765749931335,2
100,989,637,1021,683,0.31827136874198914,2
101,1450,567,1495,674,0.9155072569847107,2
101,1559,718,1607,841,0.9072772860527039,2
101,1673,602,1736,715,0.9037395119667053,2
101,1832,533,1882,637,0.8984969258308411,2
101,1582,501,1622,588,0.8910759091377258,2
101,1059,622,1107,722,0.8877846598625183,2
101,1716,537,1749,630,0.8829301595687866,2
101,1622,577,1672,680,0.8730597496032715,2
101,1637,524,1673,603,0.8393783569335938,2
101,836,687,895,725,0.672636866569519,2
101,956,619,1032,685,0.39688238501548767,2
102,1672,604,1742,716,0.9186030626296997,2
102,1063,626,1111,726,0.9160824418067932,2
102,1457,570,1503,677,0.9147407412528992,2
102,1562,719,1611,843,0.9046017527580261,2
102,1833,539,1886,640,0.9040756821632385,2
102,1723,540,1754,638,0.8840591311454773,2
102,1635,581,1683,683,0.8702169060707092,2
102,1590,505,1622,591,0.8652398586273193,2
102,1645,527,1679,604,0.8589874505996704,2
102,705,651,730,699,0.44349661469459534,2
102,836,692,893,729,0.40815669298171997,2
102,703,639,730,702,0.38799941539764404,2
102,971,629,1035,685,0.3839293122291565,2
102,0,480,20,555,0.2925855219364166,2
102,953,620,1035,685,0.2651597857475281,2
103,1833,545,1893,643,0.919464647769928,2
103,1070,630,1114,727,0.9111543297767639,2
103,1464,575,1510,680,0.9075786471366882,2
103,1568,718,1615,845,0.9026777744293213,2
103,1673,612,1747,717,0.89542555809021,2
103,1647,530,1684,614,0.8923230767250061,2
103,1728,539,1759,639,0.8854523301124573,2
103,1594,510,1622,597,0.8416130542755127,2
103,1646,584,1688,685,0.7655572295188904,2
103,712,653,736,701,0.7478649616241455,2
103,841,693,891,731,0.5556381940841675,2
104,1834,548,1902,646,0.9292534589767456,2
104,1596,512,1627,598,0.9260826110839844,2
104,1473,577,1514,682,0.9108979105949402,2
104,1676,611,1751,720,0.9078075885772705,2
104,1077,630,1118,730,0.9002110958099365,2
104,1732,539,1769,639,0.8977702260017395,2
104,1572,718,1619,846,0.8976078629493713,2
104,1650,530,1687,615,0.8815345764160156,2
104,1651,585,1691,686,0.8026810884475708,2
104,846,694,893,732,0.6840383410453796,2
105,1839,550,1911,648,0.9187480807304382,2
105,1594,514,1628,600,0.9185402393341064,2
105,1575,718,1623,846,0.905799150466919,2
105,1732,539,1779,643,0.9028195142745972,2
105,1476,578,1514,684,0.8984657526016235,2
105,1681,626,1750,726,0.898323655128479,2
105,1658,531,1691,624,0.8792948126792908,2
105,1081,631,1119,730,0.8744012117385864,2
105,849,693,893,733,0.7730258107185364,2
105,1661,587,1705,687,0.7519783973693848,2
105,768,522,798,595,0.5242232084274292,3
105,897,679,917,728,0.4022802412509918,2
106,1570,718,1625,849,0.9360095262527466,2
106,1849,551,1914,649,0.9126835465431213,2
106,1589,517,1633,602,0.9073900580406189,2
106,1734,541,1786,646,0.9013933539390564,2
106,1480,579,1516,686,0.8958154916763306,2
106,1088,631,1122,732,0.8827682137489319,2
106,1664,530,1697,635,0.8755401372909546,2
106,853,692,894,734,0.8655442595481873,2
106,1689,645,1746,729,0.8627657890319824,2
106,896,678,919,732,0.7704991698265076,2
106,1681,603,1717,689,0.7368272542953491,2
106,1711,403,1733,446,0.29682260751724243,3
106,1682,619,1734,699,0.2627347707748413,2
106,896,678,935,733,0.25213849544525146,2
107,1567,721,1628,850,0.9349852204322815,2
107,1572,519,1635,604,0.9154385924339294,2
107,1736,544,1793,647,0.9151172637939453,2
107,1858,551,1915,650,0.8961020708084106,2
107,1483,579,1519,687,0.8919563889503479,2
107,1668,530,1702,634,0.8830434083938599,2
107,1697,641,1742,731,0.8596096038818359,2
107,1091,630,1123,733,0.8382880091667175,2
107,1688,588,1720,661,0.7975795865058899,2
107,857,691,894,736,0.6896741390228271,2
107,894,685,918,735,0.4765394628047943,2
107,731,661,756,710,0.303146630525589,2
108,1564,725,1629,854,0.9352356195449829,2
108,1740,545,1798,650,0.9205265045166016,2
108,1571,523,1635,607,0.9106191396713257,2
108,1488,580,1524,690,0.8962656259536743,2
108,1869,551,1916,652,0.8907983303070068,2
108,1668,531,1707,638,0.8891944289207458,2
108,1092,630,1128,736,0.8700281381607056,2
108,1699,636,1733,732,0.8544946312904358,2
108,1697,589,1728,658,0.8381956219673157,2
108,859,693,899,737,0.6453947424888611,2
109,1563,728,1631,858,0.9283531904220581,2
109,1751,551,1801,652,0.9120234847068787,2
109,1492,580,1532,692,0.9041728377342224,2
109,1573,527,1626,613,0.9022701978683472,2
109,1671,532,1712,638,0.8962478041648865,2
109,1879,550,1916,653,0.8811784386634827,2
109,1094,631,1130,738,0.8642849326133728,2
109,1699,638,1735,735,0.8559584021568298,2
109,739,664,766,713,0.696313738822937,2
109,1711,589,1732,641,0.6174046993255615,2
109,1736,407,1759,450,0.6114107370376587,3
109,328,690,355,743,0.5756015181541443,1
109,858,692,894,740,0.37564897537231445,2
110,1562,733,1638,861,0.9314025044441223,2
110,1096,629,1133,739,0.9099756479263306,2
110,1672,534,1717,640,0.9099047780036926,2
110,1494,579,1539,693,0.9090644121170044,2
110,1757,562,1801,654,0.888498842716217,2
110,1577,532,1615,614,0.88761305809021,2
110,1697,665,1739,740,0.8838089108467102,2
110,1882,548,1919,655,0.880142867565155,2
110,1745,406,1768,450,0.6718827486038208,3
110,1696,634,1739,714,0.6397868394851685,2
110,791,528,819,567,0.3438269793987274,3
111,1564,736,1644,863,0.9337448477745056,2
111,1492,579,1544,696,0.9207469820976257,2
111,1096,630,1136,742,0.9179304838180542,2
111,1574,534,1612,617,0.9151662588119507,2
111,1688,635,1745,740,0.9107056260108948,2
111,1674,536,1723,641,0.8901907801628113,2
111,1885,547,1919,656,0.8791945576667786,2
111,1764,552,1801,656,0.8737182021141052,2
111,1724,598,1748,653,0.8076040744781494,2
111,795,530,823,568,0.47091856598854065,3
111,333,693,360,745,0.3412179946899414,1
111,853,695,892,742,0.329677015542984,2
112,1569,534,1618,618,0.9334404468536377,2
112,1570,740,1652,865,0.9300014972686768,2
112,1095,631,1138,743,0.9149224162101746,2
112,1494,583,1550,697,0.9123711585998535,2
112,1685,635,1751,740,0.9025659561157227,2
112,1678,537,1729,646,0.8979246020317078,2
112,1886,545,1920,656,0.8762766718864441,2
112,1773,553,1802,628,0.8689903616905212,2
112,1773,589,1802,656,0.8276663422584534,2
112,1733,599,1758,683,0.8247550129890442,2
112,335,696,362,748,0.6061904430389404,1
112,800,531,827,567,0.30785098671913147,3
113,1554,533,1619,619,0.9302500486373901,2
113,1576,740,1657,868,0.9241054654121399,2
113,1496,586,1554,700,0.9204115867614746,2
113,1094,631,1142,744,0.9186275005340576,2
113,1685,539,1733,648,0.9018926620483398,2
113,1684,637,1754,741,0.897727370262146,2
113,1776,549,1805,656,0.8777515292167664,2
113,1884,546,1920,656,0.8704562783241272,2
113,1738,598,1766,695,0.7989471554756165,2
113,1770,406,1792,452,0.6130648255348206,3
113,336,697,363,751,0.584190309047699,1
113,803,533,830,570,0.3800382912158966,3
114,1584,740,1657,869,0.9333804249763489,2
114,1547,535,1617,617,0.9166198372840881,2
114,1501,591,1558,702,0.9126271605491638,2
114,1098,632,1147,747,0.9112489819526672,2
114,1684,636,1755,746,0.8963334560394287,2
114,1693,540,1737,646,0.8910351991653442,2
114,1780,550,1809,657,0.8861260414123535,2
114,1884,548,1920,657,0.8576940298080444,2
114,1739,595,1773,711,0.7679547667503357,2
114,807,534,832,571,0.6543302536010742,3
114,1745,597,1774,695,0.5277836918830872,2
114,337,697,365,750,0.5122568011283875,1
114,570,735,596,748,0.3535214960575104,0
115,1589,740,1654,869,0.9323089122772217,2
115,1689,638,1752,748,0.9092673659324646,2
115,1102,635,1150,748,0.9047930836677551,2
115,1504,591,1559,703,0.9038861989974976,2
115,1700,540,1742,648,0.8997357487678528,2
115,1547,535,1612,618,0.8763836026191711,2
115,1782,548,1814,660,0.8760454058647156,2
115,1885,555,1920,658,0.8512219190597534,2
115,1750,602,1781,712,0.8002719283103943,2
115,1783,407,1807,453,0.7143247127532959,3
115,338,698,366,752,0.5760026574134827,1
116,1593,741,1649,871,0.9348908066749573,2
116,1505,592,1559,704,0.8993303179740906,2
116,1694,643,1746,750,0.897804319858551,2
116,1104,636,1153,750,0.8960576057434082,2
116,1706,541,1745,650,0.8854883909225464,2
116,1787,551,1820,661,0.8773763179779053,2
116,1555,538,1595,617,0.8762282729148865,2
116,1885,558,1919,658,0.8491213321685791,2
116,1756,595,1793,714,0.8292714953422546,2
116,338,699,367,754,0.6669638156890869,1
116,812,535,837,571,0.4367862641811371,3
116,864,693,901,746,0.2712543308734894,2
117,1594,741,1647,872,0.9159792065620422,2
117,1700,646,1739,750,0.8948540687561035,2
117,1507,592,1557,704,0.894035279750824,2
117,1104,637,1157,750,0.8895006775856018,2
117,1711,541,1746,651,0.8858370780944824,2
117,1548,537,1581,620,0.8855621814727783,2
117,1881,554,1920,658,0.8659216165542603,2
117,1787,554,1827,662,0.8624860048294067,2
117,1760,599,1795,716,0.8147780895233154,2
117,339,700,367,757,0.7448923587799072,1
117,1796,407,1820,452,0.4495786130428314,3
118,1537,535,1571,621,0.9178657531738281,2
118,1592,742,1646,874,0.9166776537895203,2
118,1103,638,1157,750,0.8961262106895447,2
118,1517,592,1554,704,0.8937876224517822,2
118,1713,541,1745,645,0.8712323904037476,2
118,1881,561,1920,661,0.8631945848464966,2
118,1704,638,1737,753,0.8429734706878662,2
118,1769,599,1803,718,0.801240861415863,2
118,1791,566,1831,664,0.7635467648506165,2
118,338,701,366,756,0.6962320804595947,1
118,869,694,899,748,0.5121133327484131,2
118,892,706,947,751,0.4478585720062256,2
118,1790,556,1829,642,0.28973227739334106,2
119,1590,741,1649,875,0.9156431555747986,2
119,1529,534,1567,620,0.9073464870452881,2
119,1103,638,1154,752,0.8977025151252747,2
119,1516,592,1553,705,0.8874801397323608,2
119,1796,554,1835,660,0.8871757984161377,2
119,1718,542,1746,641,0.8756462335586548,2
119,1774,602,1807,719,0.8661103844642639,2
119,1884,566,1920,662,0.8613325953483582,2
119,1704,644,1739,753,0.8247209787368774,2
119,336,702,366,759,0.7235143780708313,1
119,871,691,899,750,0.7010407447814941,2
119,893,700,955,753,0.6516371965408325,2
120,1588,743,1649,879,0.9184442758560181,2
120,1518,533,1566,621,0.8983437418937683,2
120,1102,639,1153,754,0.8981701135635376,2
120,1718,543,1747,644,0.8869842290878296,2
120,1514,590,1553,708,0.8792697787284851,2
120,1776,603,1810,720,0.8621504902839661,2
120,1800,558,1838,661,0.8540065884590149,2
120,1887,569,1920,665,0.843742847442627,2
120,1701,645,1736,754,0.8437057733535767,2
120,334,705,364,759,0.5418773889541626,1
121,1579,745,1648,882,0.9216013550758362,2
121,1498,538,1560,618,0.9055788516998291,2
121,1104,639,1153,754,0.8969190120697021,2
121,1514,591,1553,710,0.8923887610435486,2
121,1780,602,1815,721,0.8817198872566223,2
121,1714,543,1749,643,0.8775345087051392,2
121,1694,642,1735,756,0.8715838193893433,2
121,1890,569,1920,666,0.8454309105873108,2
121,1797,557,1828,631,0.8422587513923645,2
121,1800,595,1839,666,0.7768572568893433,2
121,332,705,360,760,0.6920197606086731,1
121,1798,577,1837,662,0.3799075484275818,2
122,1569,746,1645,882,0.9318183660507202,2
122,1509,591,1552,711,0.9047298431396484,2
122,1103,638,1151,754,0.8978734612464905,2
122,1491,537,1540,618,0.8936508893966675,2
122,1689,633,1739,756,0.8920962810516357,2
122,1781,604,1827,721,0.8778038620948792,2
122,1710,543,1749,645,0.875891923904419,2
122,1796,559,1828,627,0.8433688879013062,2
122,1895,568,1920,667,0.8430256843566895,2
122,330,707,356,762,0.5921853184700012,1
122,1817,407,1839,453,0.5008676052093506,3
122,1788,601,1839,666,0.39543598890304565,2
123,1566,749,1644,883,0.9386612176895142,2
123,1682,634,1737,758,0.910060465335846,2
123,1508,593,1552,712,0.9063328504562378,2
123,1103,639,1153,757,0.9052732586860657,2
123,1782,606,1835,724,0.8792093992233276,2
123,1715,544,1751,653,0.8755913376808167,2
123,1493,537,1534,618,0.8752954006195068,2
123,1898,566,1920,667,0.8480368256568909,2
123,1819,406,1842,453,0.8079879283905029,3
123,1797,558,1833,655,0.7914479374885559,2
123,326,708,354,764,0.6879084706306458,1
123,1796,572,1838,664,0.5792763233184814,2
124,1564,752,1640,886,0.93889981508255,2
124,1507,594,1553,713,0.9117773771286011,2
124,1677,637,1735,760,0.908322811126709,2
124,1102,640,1146,758,0.9053711891174316,2
124,1710,545,1752,657,0.878176748752594,2
124,1780,602,1834,724,0.8761707544326782,2
124,1900,565,1920,668,0.8578274250030518,2
124,1491,535,1528,621,0.8442498445510864,2
124,1795,560,1829,631,0.786538302898407,2
124,1822,405,1846,453,0.584343433380127,3
124,324,711,351,765,0.43212565779685974,1
125,1562,752,1637,888,0.9261242151260376,2
125,1672,641,1735,763,0.9150983691215515,2
125,1507,597,1555,715,0.9112955927848816,2
125,1103,640,1153,760,0.9041776061058044,2
125,1482,535,1521,620,0.8874450325965881,2
125,1712,545,1753,658,0.8860475420951843,2
125,1783,607,1832,725,0.8647024035453796,2
125,1904,566,1920,668,0.8404703140258789,2
125,1796,560,1835,622,0.815843939781189,2
125,873,698,904,751,0.6793914437294006,2
125,320,712,349,766,0.2557586133480072,1
127,833,573,872,656,0.34353965520858765,2
127,572,406,603,472,0.3263373374938965,2
128,767,220,844,369,0.26729103922843933,1
